text,label,start_char,end_char,doc_idx
Danae Suzanna Sweetapple,PERSON,0,24,0
Australian Paralympic,ORG,31,52,0
Queensland,GPE,82,92,0
St George,GPE,101,110,0
11,CARDINAL,151,153,0
Literature,GPE,185,195,0
1990,DATE,222,226,0
one,CARDINAL,280,283,0
the first Australian Institute of Sport,ORG,287,326,0
1992,DATE,370,374,0
Barcelona Games,EVENT,375,390,0
100,CARDINAL,430,433,0
two,CARDINAL,467,470,0
100,CARDINAL,500,503,0
Backstroke B2,PERSON,506,519,0
50,CARDINAL,532,534,0
Freestyle B2,PERSON,537,549,0
1992,DATE,773,777,0
Australia,GPE,822,831,0
1992,DATE,848,852,0
"Summer Paralympics
Paralympic",EVENT,853,882,0
Australia,GPE,904,913,0
Paralympic,GPE,914,924,0
Australia,GPE,946,955,0
Australian Institute of Sport Paralympic,ORG,956,996,0
Japanese,NORP,33,41,1
Sakumi Yoshino,PERSON,82,96,1
Shogakukan,ORG,119,129,1
seinen manga,PERSON,132,144,1
Monthly Ikki,ORG,154,166,1
June 2003 to September 2014,DATE,172,199,1
five,CARDINAL,232,236,1
Yoshino,GPE,265,272,1
April 2016,DATE,304,314,1
Shogakukan,ORG,376,386,1
seinen manga,PERSON,389,401,1
"June 25, 2003",DATE,414,427,1
four-year,DATE,437,446,1
"June 25, 2010",DATE,459,472,1
"April 25, 2014",DATE,508,522,1
September 25,DATE,540,552,1
the same year,DATE,556,569,1
Shogakukan,NORP,613,623,1
five,CARDINAL,650,654,1
"May 28, 2004",DATE,686,698,1
"November 28, 2014",DATE,703,720,1
Yoshino,GPE,733,740,1
"April 20, 2016",DATE,772,786,1
57,CARDINAL,791,793,1
five,CARDINAL,799,803,1
"July 21–24, 2016",DATE,854,870,1
Seinen,PERSON,916,922,1
Shogakukan,NORP,929,939,1
De Randfichten,PERSON,0,14,2
German,NORP,21,27,2
Johanngeorgenstadt,GPE,62,80,2
Saxony,GPE,82,88,2
1992,DATE,102,106,2
Arzgebirgische Randfichten,PERSON,119,145,2
"Thomas ""Rups"" Unger",PERSON,149,168,2
"Michael ""Michl"" Rostig",PERSON,173,195,2
De Randfichten,PERSON,218,232,2
1997,DATE,236,240,2
that year,DATE,245,254,2
"Thomas ""Lauti"" Lauterbach",PERSON,255,280,2
first,ORDINAL,327,332,2
Lebt,PRODUCT,372,376,2
alte Holzmichl noch,PERSON,386,405,2
3,MONEY,417,418,2
German,NORP,426,432,2
July 2004,DATE,450,459,2
German,NORP,475,481,2
100,CARDINAL,486,489,2
56 weeks,DATE,494,502,2
Der Hausmichl,PERSON,550,563,2
six,CARDINAL,603,606,2
German,NORP,628,634,2
Party,ORG,689,694,2
Nananana,WORK_OF_ART,734,742,2
Rups am Grill,WORK_OF_ART,746,759,2
Du kleine Fliege,WORK_OF_ART,766,782,2
2012,DATE,817,821,2
2005,DATE,827,831,2
Saxony,GPE,855,861,2
the Bundesvision Song Contest 2005,ORG,865,899,2
Jetzt geht die Party,WORK_OF_ART,916,936,2
6th,ORDINAL,959,962,2
71,CARDINAL,968,970,2
Jordi Lafebre,PERSON,0,13,3
1979,DATE,20,24,3
Spanish,NORP,31,38,3
Barcelona,GPE,142,151,3
the University of Barcelona,ORG,179,206,3
the Joso School,ORG,221,236,3
Barcelona,GPE,240,249,3
2001,DATE,273,277,3
Spain,GPE,340,345,3
Nobanda,ORG,357,364,3
Penthouse Comix,ORG,366,381,3
Wet Comix,ORG,386,395,3
Mister K,ORG,425,433,3
El mundo de Judy,ORG,448,464,3
Toni Font,PERSON,480,489,3
Belgian,NORP,512,519,3
Zidrou,PERSON,533,539,3
Spain,GPE,554,559,3
Jordi Lafebre,PERSON,589,602,3
Le Journal de Spirou,ORG,640,660,3
two,CARDINAL,689,692,3
La,GPE,711,713,3
jamais joué,PERSON,739,750,3
nouvelles qui,PERSON,771,784,3
du bien,PERSON,790,797,3
Joyeuses,ORG,861,869,3
one,CARDINAL,983,986,3
Ly,PERSON,998,1000,3
The Pro Co,ORG,0,10,4
Pro Co Sound,ORG,55,67,4
Pro Co's,ORG,119,127,4
Kalamazoo,GPE,128,137,4
Michigan,GPE,139,147,4
1978,DATE,160,164,4
today,DATE,237,242,4
the years,DATE,286,295,4
Pro Co,PERSON,341,347,4
Turbo,PERSON,405,410,4
the You Dirty,ORG,419,432,4
the Pro Co,ORG,476,486,4
the mid-1970s,DATE,519,532,4
Pro Co,ORG,539,545,4
Scott Burnham,PERSON,557,570,4
Steve Kiraly,PERSON,575,587,4
the Dallas Arbiter Fuzz Face,ORG,648,676,4
Burnham,PERSON,678,685,4
1978,DATE,782,786,4
Only twelve,CARDINAL,841,852,4
one,CARDINAL,880,883,4
Bud Box,PERSON,925,932,4
Philip T. Hartung,PERSON,0,17,5
1903,DATE,19,23,5
"July 24, 1973",DATE,26,39,5
American,NORP,48,56,5
Commonweal,ORG,94,104,5
1938,DATE,110,114,5
1973,DATE,134,138,5
the age of 70,DATE,142,155,5
the Office of Film and Broadcasting,ORG,187,222,5
the United States Catholic Conference,ORG,226,263,5
1942 to 1945,DATE,270,282,5
the Museum of Modern Art,ORG,302,326,5
Esquire,LOC,349,356,5
Scholastic,NORP,358,368,5
Time,ORG,370,374,5
Woman's Home Companion,ORG,380,402,5
1903,DATE,423,427,5
1973,DATE,435,439,5
American,NORP,447,455,5
Roy Longmore,PERSON,0,12,6
29 April 1894,DATE,14,27,6
21 June 2001,DATE,30,42,6
Australian,NORP,51,61,6
centenarian,NORP,74,85,6
Alec Campbell,PERSON,97,110,6
second,ORDINAL,129,135,6
Australian,NORP,148,158,6
New Zealand Army Corps,ORG,163,185,6
ANZAC,ORG,187,192,6
World War I.,EVENT,221,233,6
Geelong,GPE,295,302,6
Victoria,GPE,304,312,6
the Australian Army,ORG,334,353,6
the Australian Imperial Force,ORG,373,402,6
age 21,DATE,406,412,6
Roy Longmore,PERSON,429,441,6
3rd Reinforcements,ORG,443,461,6
21st Battalion,ORG,463,477,6
Bannockburn,PERSON,482,493,6
Victoria,ORG,495,503,6
13 July 1915,DATE,516,528,6
Melbourne,GPE,551,560,6
26 August 1915,DATE,585,599,6
Egypt,GPE,619,624,6
the Battle of Gallipoli,LAW,638,661,6
the 2nd Division,ORG,689,705,6
Turkish,NORP,732,739,6
Turkey,GPE,791,797,6
Pozières,GPE,812,820,6
Armentières,PERSON,822,833,6
Villers-Bretonneux,ORG,839,857,6
three,CARDINAL,874,879,6
France,GPE,889,895,6
Armistice,FAC,958,967,6
November 1918,DATE,971,984,6
One,CARDINAL,3,6,7
2011,CARDINAL,12,16,7
Indian,NORP,17,23,7
Anubhav Sinha,PERSON,66,79,7
Arjun Rampal,ORG,94,106,7
Shahrukh Khan,PERSON,130,143,7
Kareena Kapoor,PERSON,145,159,7
Shahana Goswami,PERSON,161,176,7
Armaan Verma,PERSON,181,193,7
Red Chillies Entertainment,ORG,241,267,7
Eros International,PERSON,272,290,7
One,CARDINAL,357,360,7
one,CARDINAL,365,368,7
Indian,NORP,391,397,7
Bollywood,ORG,434,443,7
single-day,DATE,531,541,7
three-day,DATE,566,575,7
subsequent weeks,DATE,645,661,7
One,CARDINAL,666,669,7
third,ORDINAL,681,686,7
Bollywood,ORG,704,713,7
2011,DATE,722,726,7
Ra,PERSON,830,832,7
One,CARDINAL,833,836,7
India,GPE,871,876,7
"H.G."" Quaritch Wales",ORG,17,37,8
1900 – 1981,DATE,39,50,8
Charterhouse School,ORG,68,87,8
Queens' College,ORG,93,108,8
Cambridge,GPE,110,119,8
Rama VI,ORG,142,149,8
1924 to 1928,DATE,176,188,8
Siamese State Ceremonies,ORG,220,244,8
1931,DATE,246,250,8
Ancient Siamese Government and Administration,ORG,256,301,8
1934,DATE,303,307,8
1931,DATE,398,402,8
1992,DATE,439,443,8
2005,DATE,470,474,8
Towards Angkor,PERSON,477,491,8
the Footsteps of the,ORG,495,515,8
Indian,NORP,516,522,8
Francis Younghusband,PERSON,557,577,8
forty-two,CARDINAL,590,599,8
1937,DATE,649,653,8
1943,DATE,675,679,8
Asia,LOC,712,716,8
the British Empire,GPE,731,749,8
European Imperialism,NORP,754,774,8
"World War I"".--AbeBooks",EVENT,785,808,8
Greater India,LOC,820,833,8
South-East,LOC,846,856,8
Asian,NORP,857,862,8
1951,DATE,879,883,8
Ancient South-East,ORG,885,903,8
Religion,ORG,938,946,8
Asia,LOC,961,965,8
1957,DATE,967,971,8
Angkor,ORG,972,978,8
Rome,GPE,983,987,8
premonocyte,PERSON,18,29,9
Promonocyte,ORG,313,324,9
seventh,ORDINAL,331,338,9
Immune,ORG,358,364,9
Jesus College,PERSON,0,13,10
the University of Oxford,ORG,52,76,10
England,GPE,80,87,10
1571,DATE,117,121,10
Queen Elizabeth,PERSON,125,140,10
Hugh Price,ORG,161,171,10
Welsh,ORG,175,180,10
Treasurer of,PERSON,200,212,10
St David's,PERSON,213,223,10
Cathedral in Pembrokeshire,ORG,224,250,10
Wales,ORG,292,297,10
about 15%,PERCENT,303,312,10
Welsh,PERSON,329,334,10
340,CARDINAL,346,349,10
190,CARDINAL,369,372,10
1974,DATE,448,452,10
first,ORDINAL,486,491,10
five,CARDINAL,492,496,10
Jesus College,PERSON,553,566,10
Jesubites,WORK_OF_ART,591,600,10
Mathematicians,NORP,604,618,10
Jesus College,ORG,639,652,10
Nigel Hitchin,PERSON,661,674,10
Savilian,NORP,676,684,10
Oxford,ORG,710,716,10
1997–2016,CARDINAL,717,726,10
Jonathan Borwein,PERSON,729,745,10
Rhodes Scholar,PERSON,756,770,10
Canada,GPE,813,819,10
Australia,GPE,824,833,10
Jim Mauldon,PERSON,840,851,10
Oxford,ORG,867,873,10
the United States,GPE,891,908,10
Amherst College,ORG,921,936,10
Massachusetts,GPE,940,953,10
David E. Evans,PERSON,956,970,10
Srinivas,PERSON,9,17,11
Indian,NORP,27,33,11
Star Maa,ORG,84,92,11
20 December 2021,DATE,98,114,11
Disney Plus Hotstar,ORG,141,160,11
Sun TV's,ORG,187,195,11
Thirumathi Selvam,ORG,196,213,11
Tamil,PERSON,215,220,11
Chandan Kumar,PERSON,251,264,11
Ankita Amar,PERSON,269,280,11
Sridevi,PERSON,356,363,11
Sridevi,PERSON,518,525,11
Chandan Kumar,PERSON,610,623,11
"Srinivas
 Ankitha Amar",PERSON,627,649,11
Madhav Rao,PERSON,689,699,11
Sridevi,PERSON,701,708,11
Sheela,PERSON,719,725,11
Meenakshi,ORG,729,738,11
Sridevi,PERSON,740,747,11
Mangala,GPE,774,781,11
Srinivas,PERSON,783,791,11
Gopalam,PERSON,807,814,11
second,ORDINAL,828,834,11
Vishwa Mohan,PERSON,841,853,11
Gopalam,ORG,857,864,11
Srinivas,PERSON,866,874,11
Basawaraj,GPE,896,905,11
Kikku,GPE,909,914,11
Srinivas,ORG,916,924,11
Srikar Krishna,PERSON,935,949,11
Sridevi,PERSON,960,967,11
Uma Devi,PERSON,981,989,11
Nagaman,ORG,993,1000,11
Robinson Uscanga Cruz,PERSON,0,21,12
3 January 1953,DATE,28,42,12
Mexican,NORP,49,56,12
Citizens' Movement,ORG,77,95,12
2006,DATE,102,106,12
2009,DATE,110,114,12
the LX Legislature,ORG,138,156,12
Mexican,NORP,164,171,12
Congress,ORG,172,180,12
Veracruz,GPE,194,202,12
1953,DATE,217,221,12
Veracruz,GPE,260,268,12
the Chamber of Deputies,ORG,280,303,12
Mexico,GPE,305,311,12
Citizens' Movement,ORG,313,331,12
Mexico,GPE,333,339,12
21st-century,DATE,353,365,12
Mexican,NORP,366,373,12
Romanized,PERSON,15,24,13
Bāmasī,ORG,28,34,13
Sakht Sar Rural District,FAC,52,76,13
the Central District,LOC,81,101,13
Ramsar County,GPE,105,118,13
Mazandaran Province,GPE,120,139,13
Iran,GPE,141,145,13
2006,DATE,154,158,13
105,CARDINAL,186,189,13
31,CARDINAL,194,196,13
Ramsar County,GPE,241,254,13
The Battle of the Buliok Complex,WORK_OF_ART,0,32,14
11 February 2003,DATE,47,63,14
Maguindanao and Cotabato,ORG,99,123,14
Mindanao,GPE,127,135,14
Philippines,GPE,137,148,14
60,CARDINAL,154,156,14
Pikit,GPE,195,200,14
Cotabato,GPE,202,210,14
Pagalungan,GPE,214,224,14
Maguindanao,GPE,226,237,14
Muslim,NORP,263,269,14
Moro Islamic Liberation Front,ORG,281,310,14
Philippine,NORP,334,344,14
Pentagon,ORG,380,388,14
Mindanao,GPE,438,446,14
MILF,FAC,452,456,14
Buliok,PERSON,477,483,14
the Armed Forces of the Philippines,ORG,495,530,14
Gloria Macapagal Arroyo,PERSON,564,587,14
Camp Abubakar,FAC,650,663,14
Joseph Estrada,PERSON,715,729,14
2000,DATE,733,737,14
MILF,ORG,743,747,14
the Liguasan Marsh,FAC,779,797,14
the Buliok Islamic Center,ORG,826,851,14
the Buliok Mosque,ORG,855,872,14
Maguindanao,GPE,928,939,14
Cotabato,GPE,941,949,14
Sultan Kudarat,FAC,954,968,14
Flinn,PERSON,4,9,15
Engdahl,PERSON,10,17,15
F,PRODUCT,30,31,15
Earth,LOC,65,70,15
1965,DATE,179,183,15
Edward A. Flinn,PERSON,187,202,15
E. R. Engdahl,PERSON,207,220,15
first,ORDINAL,226,231,15
1974,DATE,269,273,15
1995,DATE,292,296,15
F-E,PRODUCT,311,314,15
1x1 degree,QUANTITY,337,347,15
F,PRODUCT,413,414,15
F,PRODUCT,481,482,15
545,CARDINAL,492,495,15
Northern Italy,LOC,498,512,15
France,GPE,538,544,15
Switzerland,GPE,546,557,15
Austria,GPE,559,566,15
Slovenia,GPE,571,579,15
1995,DATE,591,595,15
754 F–E regions,QUANTITY,615,630,15
1 to,CARDINAL,659,663,15
three,CARDINAL,673,678,15
172,CARDINAL,685,688,15
299,CARDINAL,690,693,15
550,CARDINAL,698,701,15
50,CARDINAL,754,756,15
Flinn,PERSON,794,799,15
Engdahl,LOC,800,807,15
J.B.,GPE,837,841,15
B.W.,GPE,854,858,15
Aichele,GPE,860,867,15
Wiens,GPE,873,878,15
D.A.,GPE,880,884,15
Flinn,GPE,889,894,15
1995,DATE,948,952,15
Physics of the Earth and Planetary,ORG,963,997,15
Saint-Martin-de-Bavel,PERSON,0,21,16
France,GPE,68,74,16
1793,DATE,205,209,16
2006,DATE,217,221,16
INSEE,ORG,290,295,16
annual,DATE,315,321,16
2018,DATE,374,378,16
442,CARDINAL,396,399,16
3.51%,PERCENT,428,433,16
2013,DATE,446,450,16
INSEE,ORG,634,639,16
Belley,GPE,669,675,16
INSEE,ORG,701,706,16
31,CARDINAL,739,741,16
"less than 50,000",CARDINAL,761,777,16
European,NORP,829,837,16
Corine Land Cover (CLC,ORG,865,887,16
57.7%,PERCENT,948,953,16
2018)—a,CARDINAL,957,964,16
1990,DATE,987,991,16
62.8%,PERCENT,993,998,16
Lepidoneura,ORG,0,11,17
Crambidae,PERSON,46,55,17
Lepidoneura,ORG,66,77,17
Hampson,PERSON,88,95,17
1899,DATE,97,101,17
Lepidoneura,ORG,102,113,17
Hampson,PERSON,124,131,17
1900,DATE,133,137,17
Lepidoneura,ORG,154,165,17
Swinhoe,ORG,178,185,17
1894,DATE,187,191,17
Taxa,PERSON,235,239,17
George Hampson,PERSON,249,263,17
Adolphus,ORG,4,12,18
Sarah Ingalsbe House,PERSON,17,37,18
Columbus,GPE,52,60,18
Wisconsin,GPE,62,71,18
United States,GPE,73,86,18
the National Register of Historic Places,ORG,104,144,18
2009,DATE,148,152,18
the Wisconsin State Register of Historic Places,ORG,184,231,18
Adolphus,ORG,265,273,18
Sarah Ingalsbe,PERSON,278,292,18
New York City,GPE,310,323,18
Columbus,GPE,337,345,18
the California Gold Rush,FAC,375,399,18
1875,DATE,404,408,18
Columbia County,GPE,507,522,18
Wisconsin,GPE,524,533,18
1853,DATE,554,558,18
the National Register of Historic Places,ORG,569,609,18
Wisconsin,GPE,613,622,18
Wisconsin,GPE,650,659,18
Columbus,GPE,660,668,18
Wisconsin,GPE,670,679,18
National Register of Historic Places,ORG,680,716,18
Columbia County,GPE,720,735,18
Wisconsin,GPE,737,746,18
2019,DATE,93,97,19
Pan American Games,ORG,98,116,19
32,CARDINAL,164,166,19
15,CARDINAL,195,197,19
one,CARDINAL,208,211,19
Peru,GPE,263,267,19
2018,DATE,324,328,19
Pan American Championships,ORG,329,355,19
Antigua,GPE,364,371,19
Guatemala,GPE,373,382,19
November,DATE,386,394,19
Qualification,ORG,421,434,19
2019,DATE,577,581,19
"Pan American Games
Bodybuilding",ORG,582,613,19
2019,DATE,621,625,19
Pan American Games,ORG,626,644,19
Dębówiec,GPE,0,8,20
Gmina Wilczyn,PERSON,57,70,20
Konin County,GPE,79,91,20
Greater Poland Voivodeship,ORG,93,119,20
west-central,GPE,124,136,20
Poland,GPE,137,143,20
Konin County,GPE,170,182,20
Kevin Ray Hern,PERSON,0,14,21
"December 4, 1961",DATE,21,37,21
American,NORP,45,53,21
Oklahoma,GPE,99,107,21
Republican,NORP,111,121,21
the United States House of Representatives,ORG,141,183,21
first,ORDINAL,197,202,21
2018,DATE,214,218,21
Dover High School,ORG,266,283,21
Dover,GPE,287,292,21
Arkansas,GPE,294,302,21
1980,DATE,307,311,21
Arkansas Tech University,ORG,317,341,21
1986,DATE,345,349,21
Rockwell International,ORG,364,386,21
the Georgia Institute of Technology,ORG,400,435,21
Ph.D.,WORK_OF_ART,452,457,21
Career,PERSON,489,495,21
Hern,PERSON,542,546,21
McDonald,ORG,590,598,21
McDonald's,ORG,633,643,21
North Little Rock,GPE,647,664,21
Arkansas,GPE,666,674,21
1997,DATE,678,682,21
the North Little Rock,LOC,692,713,21
1999,DATE,727,731,21
Muskogee,GPE,743,751,21
Oklahoma,GPE,753,761,21
two,CARDINAL,779,782,21
18,CARDINAL,823,825,21
Tulsa,GPE,844,849,21
Oklahoma,GPE,851,859,21
"U.S. House of Representatives

Elections",ORG,868,908,21
2018,DATE,910,914,21
Jim Bridenstine,PERSON,922,937,21
the United States,ORG,952,969,21
20,CARDINAL,998,1000,21
Roman Catholic,NORP,4,18,22
Castro,PERSON,30,36,22
Lazio,PERSON,41,46,22
600 to 1649,CARDINAL,80,91,22
Latin Catholic,NORP,105,119,22
Castro,PERSON,157,163,22
600,CARDINAL,204,207,22
Bisenzio,PERSON,226,234,22
Latin Bisentium,FAC,236,251,22
Italianized,ORG,258,269,22
Ancient,ORG,291,298,22
680,CARDINAL,328,331,22
Diocese,NORP,350,357,22
Castro,PERSON,361,367,22
Castrum in Tuscia,WORK_OF_ART,391,408,22
31 August 1369,DATE,414,428,22
the Roman Catholic,NORP,461,479,22
13 September 1649,DATE,510,527,22
the Roman Catholic,NORP,583,601,22
Acquapendente,GPE,613,626,22
1206,DATE,656,660,22
1207,DATE,664,668,22
Ruggero Calcagnini,PERSON,672,690,22
Dominican Order,PERSON,692,707,22
O.P.,ORG,709,713,22
1244,DATE,716,720,22
1253,DATE,724,728,22
Angelo,PERSON,732,738,22
1274,DATE,740,744,22
O.P.,GPE,803,807,22
1285,DATE,819,823,22
Bishop of Numana,ORG,865,881,22
1296,DATE,932,936,22
1296.08.09,CARDINAL,948,958,22
Bishop of Montemarano,ORG,976,997,22
1,CARDINAL,999,1000,22
HMNZS Puriri (,ORG,0,14,23
the Royal New Zealand Navy,ORG,71,97,23
German,NORP,157,163,23
25 days,DATE,169,176,23
Puriri,PERSON,226,232,23
the Anchor Shipping,ORG,246,265,23
Foundry Company,ORG,270,285,23
one,CARDINAL,295,298,23
four,CARDINAL,302,306,23
20 November 1940,DATE,443,459,23
27 November 1940,DATE,507,523,23
Puriri,NORP,525,531,23
three days later,DATE,665,681,23
19 April 1941,DATE,731,744,23
25th,ORDINAL,766,770,23
German,NORP,822,828,23
the Hauraki Gulf,LOC,838,854,23
13 May 1941,DATE,865,876,23
Rawea,PERSON,889,894,23
German,NORP,916,922,23
eight miles,QUANTITY,966,977,23
Bream,GPE,992,997,23
UCLA Bruins,ORG,12,23,24
season,DATE,41,47,24
the 3rd season,DATE,52,66,24
the season,DATE,109,119,24
UCLA,ORG,121,125,24
the Pacific Coast Conference,ORG,158,186,24
two,CARDINAL,283,286,24
California,GPE,293,303,24
California,GPE,314,324,24
Loyola,GPE,329,335,24
first,ORDINAL,347,352,24
UCLA,ORG,371,375,24
the season,DATE,438,448,24
first,ORDINAL,454,459,24
Harvey Tafe,PERSON,527,538,24
Bruins,PERSON,583,589,24
three,CARDINAL,670,675,24
the year,DATE,685,693,24
February 25,DATE,727,738,24
the second season,DATE,937,954,24
Castletownbere GAA,PERSON,0,18,25
Gaelic Athletic Association,ORG,24,51,25
Castletownbere,GPE,66,80,25
Cork,GPE,84,88,25
Ireland,GPE,90,97,25
Gaelic Football,ORG,103,118,25
Cork GAA,PERSON,166,174,25
Beara,NORP,195,200,25
Beara,NORP,236,241,25
Beara,GPE,347,352,25
GAA,ORG,386,389,25
1927,DATE,393,397,25
Gaelic Football,PERSON,444,459,25
many years,DATE,483,493,25
1927,DATE,503,507,25
Castletownbere,GPE,511,525,25
Town,PRODUCT,605,609,25
Black,ORG,638,643,25
1927,DATE,729,733,25
Black,WORK_OF_ART,838,843,25
1942,DATE,882,886,25
first,ORDINAL,902,907,25
Beara Championship,FAC,908,926,25
five years,DATE,947,957,25
1947,DATE,964,968,25
the Beara Title,FAC,976,991,25
The Aviation Special Interest Group,ORG,0,35,26
AVSIG,ORG,37,42,26
CompuServe Information Service,ORG,137,167,26
The Aviation Safety Institute's,ORG,320,351,26
John B. Galipault,PERSON,352,369,26
1930–1993,CARDINAL,371,380,26
Sandy Trevor,PERSON,386,398,26
the CompuServe Information Service,ORG,402,436,26
1981,DATE,440,444,26
CompuServe,ORG,668,678,26
SUBJECT/SIG,ORG,763,774,26
AVSIG,WORK_OF_ART,801,806,26
AVSIG,PERSON,810,815,26
first,ORDINAL,824,829,26
CompuServe,ORG,859,869,26
The Aviation Safety Institute,ORG,880,909,26
AVSIG,PERSON,920,925,26
Gary Carlson,PERSON,0,12,27
"December 27, 1950",DATE,19,36,27
the Iowa State Representative,ORG,41,70,27
the 91st District,DATE,76,93,27
Republican,NORP,97,107,27
the Iowa House of Representatives,ORG,126,159,27
2015,DATE,166,170,27
Gary Carlson,PERSON,202,214,27
1950,DATE,231,235,27
Cedar Falls,FAC,269,280,27
Iowa,GPE,282,286,27
Muscatine County,GPE,299,315,27
Iowa,GPE,317,321,27
Iowa,GPE,322,326,27
Republicans,NORP,327,338,27
the Iowa House of Representatives,ORG,350,383,27
21st-century,DATE,384,396,27
American,NORP,397,405,27
18 January 1851,DATE,20,35,28
14 July 1920,DATE,38,50,28
Austrian,NORP,59,67,28
Roschtin,GPE,122,130,28
Roštín,PERSON,155,161,28
Czech Republic,GPE,163,177,28
Jewish,NORP,193,199,28
Vienna,GPE,218,224,28
Prague,GPE,249,255,28
Berlin,GPE,260,266,28
Leopold von Ranke,PERSON,293,310,28
German,LANGUAGE,334,340,28
the Commercial Academy,ORG,353,375,28
Handelsakademie,ORG,377,392,28
Vienna,GPE,397,403,28
1873 to 1879,DATE,409,421,28
German,NORP,545,551,28
Greater German,NORP,592,606,28
German,NORP,623,629,28
Friedjung,GPE,641,650,28
Vienna,GPE,659,665,28
"Works
 Kaiser",ORG,668,681,28
Karl IV.,PERSON,682,690,28
Antheil,ORG,699,706,28
Leben,ORG,720,725,28
Zeit,GPE,733,737,28
Vienna,GPE,739,745,28
1876,DATE,746,750,28
Der Ausgleich,PERSON,752,765,28
Ungarn,ORG,770,776,28
Studie,PERSON,789,795,28
Verhältnis Österreichs,PERSON,805,827,28
Deutschland,GPE,842,853,28
3,CARDINAL,855,856,28
Auflagen,GPE,857,865,28
Leipzig,GPE,867,874,28
1876/77,CARDINAL,875,882,28
Stück Zeitungsgeschichte,PERSON,888,912,28
Vienna,GPE,914,920,28
1887,DATE,921,925,28
Vorherrschaft,ORG,944,957,28
Deutschland,GPE,961,972,28
1859,DATE,973,977,28
1866,DATE,982,986,28
Mark Knowles,PERSON,0,12,29
Daniel Nestor,PERSON,17,30,29
first,ORDINAL,77,82,29
this year,DATE,89,98,29
Michael Kohlmann,PERSON,101,117,29
Alexander Waske,PERSON,122,137,29
5–7,CARDINAL,155,158,29
10–5,CARDINAL,166,170,29
Julian Knowle,PERSON,181,194,29
Jürgen Melzer,PERSON,199,212,29
"Draw

U.S. Men's Clay Court",ORG,249,276,29
2006,DATE,291,295,29
2006,DATE,305,309,29
U.S. Men's,ORG,310,320,29
Matt Eidson,PERSON,0,11,30
American,NORP,18,26,30
Democrat,NORP,47,55,30
the North Dakota House of Representatives,ORG,84,125,30
Eidson,PERSON,143,149,30
the United States Marine Corps,ORG,157,187,30
2008,DATE,193,197,30
Iraq,GPE,221,225,30
Afghanistan,GPE,230,241,30
the University of North Dakota,ORG,284,314,30
2018,DATE,318,322,30
a Master of Arts,WORK_OF_ART,350,366,30
2018,DATE,397,401,30
Matt Eidson,PERSON,403,414,30
one,CARDINAL,435,438,30
two,CARDINAL,442,445,30
the North Dakota House of Representatives,ORG,467,508,30
Democrat,NORP,524,532,30
Mary Adams,PERSON,533,543,30
Republicans,NORP,559,570,30
Ben Olson,PERSON,571,580,30
Richard Becker,PERSON,595,609,30
June 2020,DATE,618,627,30
Eidson,PERSON,629,635,30
"Natural Resources Standing Committee
 Finance",ORG,746,791,30
Taxation Standing Committee,ORG,796,823,30
"the North Dakota House of Representatives
",ORG,867,909,30
Democrats,NORP,922,931,30
Doab Rural District,PERSON,0,19,31
the Central District,LOC,57,77,31
Selseleh County,GPE,81,96,31
Lorestan Province,GPE,98,115,31
Iran,GPE,117,121,31
2006,DATE,130,134,31
"5,486",CARDINAL,162,167,31
"1,053",CARDINAL,172,177,31
52,CARDINAL,212,214,31
"Lorestan Province
",GPE,258,276,31
Selseleh County,GPE,276,291,31
Warangal Division,ORG,0,17,32
the Hyderabad State,ORG,47,66,32
sixteen,CARDINAL,82,89,32
Warangal,ORG,101,109,32
one,CARDINAL,114,117,32
four,CARDINAL,121,125,32
Khammam,PERSON,203,210,32
Warangal,GPE,232,240,32
Belgian,NORP,4,11,33
162,CARDINAL,25,28,33
Belgium,GPE,50,57,33
Namur,PERSON,69,74,33
Luxembourg,GPE,82,92,33
Sterpenich (Arlon,ORG,103,120,33
1859,DATE,136,140,33
146.8 km,QUANTITY,156,164,33
Belgian,NORP,184,191,33
161,CARDINAL,205,208,33
Brussels,GPE,210,218,33
Luxembourg City,GPE,262,277,33
Brussels,GPE,321,329,33
Luxembourg,GPE,334,344,33
162,CARDINAL,394,397,33
Namur,PERSON,404,409,33
Brussels,GPE,414,422,33
Liège,GPE,424,429,33
Dinant,ORG,431,437,33
Marche,LOC,465,471,33
Bertrix,GPE,507,514,33
Virton,GPE,519,525,33
Athus,ORG,536,541,33
"Rodange

References",ORG,546,565,33
162,CARDINAL,567,570,33
1858,DATE,595,599,33
Baron Gridley,PERSON,0,13,34
Stockport,GPE,18,27,34
Chester,ORG,54,61,34
the United Kingdom,GPE,92,110,34
10 January 1955,DATE,130,145,34
Conservative,NORP,154,166,34
Arnold Gridley,PERSON,182,196,34
Stockport and Stockport South,ORG,226,255,34
the House of Commons,ORG,259,279,34
third,ORDINAL,321,326,34
1996,DATE,362,366,34
Richard,PERSON,370,377,34
Gridley,ORG,396,403,34
Marie,PERSON,419,424,34
Lady Gridley,PERSON,426,438,34
Waterlooville,GPE,453,466,34
Hampshire,GPE,468,477,34
Barons Gridley,PERSON,480,494,34
1955,DATE,496,500,34
Arnold Babb Gridley,PERSON,502,521,34
1878–1965,DATE,542,551,34
Arnold Hudson Gridley,PERSON,553,574,34
2nd,ORDINAL,576,579,34
1906–1996,CARDINAL,595,604,34
Richard David Arnold Gridley,PERSON,606,634,34
3rd,ORDINAL,636,639,34
1956,DATE,660,664,34
Carl Richard Gridley,PERSON,718,738,34
1981,DATE,745,749,34
Arnold Babb Gridley,PERSON,775,794,34
1878—1965,CARDINAL,815,824,34
Arnold Hudson Gridley,PERSON,828,849,34
2nd,ORDINAL,851,854,34
1906—1996,CARDINAL,870,879,34
Richard David Arnold Gridley,PERSON,883,911,34
3rd,ORDINAL,913,916,34
1956,DATE,935,939,34
1,CARDINAL,943,944,34
Carl Richard Gridley,PERSON,951,971,34
1981,DATE,976,980,34
Eric Howard Gridl,PERSON,983,1000,34
São Paulo,GPE,64,73,35
Brazil,GPE,77,83,35
Rodovia Anchieta,PERSON,162,178,35
Imigrantes,PERSON,192,202,35
the Planalto Interlink,ORG,223,245,35
two,CARDINAL,258,261,35
SP-40,PRODUCT,276,281,35
Cubatão,GPE,339,346,35
59,CARDINAL,349,351,35
São Paulo,GPE,364,373,35
Rupantarita Prakritik Gas Company Limited,ORG,0,41,36
Converting Natural Gas Company Limited,ORG,57,95,36
Bangladesh,GPE,140,150,36
Petrobangla,PERSON,259,270,36
Dhaka,GPE,295,300,36
Liquid Natural Gas,ORG,421,439,36
LNG,ORG,441,444,36
1991,DATE,478,482,36
Compressed Natural Gas,ORG,489,511,36
March 2008,DATE,643,653,36
the Anti-Corruption Commission,ORG,655,685,36
7,CARDINAL,691,692,36
110 million,CARDINAL,734,745,36
2009,DATE,772,776,36
ABM Fazle Elahi,ORG,819,834,36
64,DATE,836,838,36
Khoda,PERSON,849,854,36
Alahi,ORG,859,864,36
the Anti-Corruption Commission,ORG,891,921,36
"Bangladesh
Government-o",ORG,977,1000,36
Phillip Danault,PERSON,0,15,37
"February 24, 1993",DATE,22,39,37
Canadian,NORP,46,54,37
the Los Angeles Kings,ORG,90,111,37
the National Hockey League,ORG,115,141,37
NHL,ORG,143,146,37
26th,ORDINAL,164,168,37
the Chicago Blackhawks,ORG,180,202,37
2011,DATE,210,214,37
Draft,PERSON,225,230,37
NHL,ORG,245,248,37
2014,DATE,268,272,37
Danault,PERSON,274,281,37
six seasons,DATE,294,305,37
Danault,PERSON,362,369,37
2005,DATE,384,388,37
2006,DATE,393,397,37
Quebec International Pee-Wee Hockey Tournaments,FAC,398,445,37
the Victoriaville Tigres,ORG,538,562,37
Moncton Wildcats,PERSON,567,583,37
the Quebec Major Junior Hockey League,ORG,587,624,37
QMJHL,ORG,626,631,37
26th,ORDINAL,650,654,37
2011,DATE,670,674,37
the Chicago Blackhawks,FAC,694,716,37
"March 30, 2012",DATE,722,736,37
American Hockey League,ORG,773,795,37
AHL,ORG,797,800,37
the Rockford IceHogs,ORG,813,833,37
the 2014–15 season,DATE,839,857,37
Danault,PERSON,859,866,37
IceHogs,ORG,889,896,37
Blackhawks,PERSON,904,914,37
NHL,ORG,928,931,37
"November 22, 2014",DATE,941,958,37
the Edmonton Oiler,ORG,982,1000,37
State Highway,ORG,0,13,38
149,CARDINAL,14,17,38
Oklahoma,GPE,61,69,38
Harper County,GPE,83,96,38
Laverne,GPE,113,120,38
May,DATE,141,144,38
Laverne,GPE,192,199,38
Main Street,FAC,241,252,38
Laverne,PERSON,335,342,38
About two and a,CARDINAL,394,409,38
Laverne,GPE,432,439,38
the Beaver River,LOC,458,474,38
SH-46,PRODUCT,510,515,38
149,CARDINAL,612,615,38
Harper County,GPE,634,647,38
Oklahoma,GPE,649,657,38
1982,DATE,4,8,39
St. Brendan's,FAC,96,109,39
Birr,ORG,116,120,39
12 September 1982,DATE,124,141,39
1982,DATE,174,178,39
the 19th season,DATE,222,237,39
the All-Ireland Under-21 Hurling Championship,ORG,241,286,39
the Gaelic Athletic Association,ORG,314,345,39
four,CARDINAL,376,380,39
Ireland,GPE,394,401,39
Cork of Munster,PERSON,430,445,39
Connacht,GPE,460,468,39
Cork,PERSON,475,479,39
0-12,CARDINAL,491,495,39
0-11,CARDINAL,499,503,39
The All-Ireland,ORG,506,521,39
Cork,PERSON,536,540,39
Galway,GPE,545,551,39
eighth,ORDINAL,560,566,39
two,CARDINAL,600,603,39
first,ORDINAL,620,625,39
-Ireland,GPE,635,643,39
first,ORDINAL,680,685,39
1977,DATE,708,712,39
Galway,ORG,720,726,39
first,ORDINAL,751,756,39
1979,DATE,769,773,39
-Ireland,GPE,802,810,39
Kilkenny,PERSON,822,830,39
the previous week,DATE,831,848,39
Cork,ORG,850,854,39
under-21,DATE,857,865,39
three,CARDINAL,880,885,39
Ger Cunningham,PERSON,896,910,39
Kevin Hennessy,PERSON,912,926,39
Tony O'Sullivan,PERSON,931,946,39
Two,CARDINAL,0,3,40
Manfredini,PERSON,23,33,40
Cremona,ORG,68,75,40
the 18th and 19th centuries,DATE,83,110,40
Giovanni Manfredini,PERSON,113,132,40
Cremona,ORG,134,141,40
Cremona,ORG,149,156,40
"December 9, 1790",DATE,158,174,40
Italian,NORP,183,190,40
Giovanni,GPE,233,241,40
Cremona,GPE,309,316,40
San Benedetto,GPE,359,372,40
Magio,GPE,422,427,40
Gerenzani,PERSON,432,441,40
Cremona,ORG,467,474,40
San Faccio,GPE,518,528,40
Il Foppone,PERSON,542,552,40
motifs,PERSON,598,604,40
four,CARDINAL,668,672,40
three,CARDINAL,731,736,40
Giovanni,GPE,745,753,40
Paolo Manfredini,PERSON,781,797,40
"1754-November 25, 1805",DATE,800,822,40
One,CARDINAL,844,847,40
Giuseppe Manfredini,PERSON,868,887,40
Manna,GPE,956,961,40
Stanga,GPE,978,984,40
Giuseppe,PERSON,986,994,40
Charles William Fox,PERSON,0,19,41
"February 26, 1920",DATE,42,59,41
Guelph,GPE,61,67,41
Ontario,GPE,69,76,41
"October 18, 2008",DATE,80,96,41
Tillsonburg,GPE,98,109,41
Ontario,GPE,111,118,41
the Royal Canadian Air Force,ORG,147,175,41
World War II,EVENT,179,191,41
Guelph Collegiate Vocational Institute,ORG,205,243,41
Fox,PERSON,256,259,41
Irish,NORP,275,280,41
RCAF,ORG,303,307,41
1939,DATE,311,315,41
Ted,PERSON,357,360,41
the Royal Canadian Artillery,ORG,368,396,41
1941,DATE,441,445,41
Dunnville,GPE,494,503,41
Ontario,GPE,505,512,41
1943,DATE,549,553,41
Bagotville,GPE,587,597,41
Quebec,GPE,599,605,41
Spitfires,PERSON,615,624,41
Europe,LOC,630,636,41
153,CARDINAL,661,664,41
the Distinguished Flying Cross,ORG,713,743,41
1944,DATE,760,764,41
the Canadian 412 Squadron,ORG,797,822,41
D-Day,DATE,827,832,41
three,CARDINAL,841,846,41
France,GPE,872,878,41
"July 17, 1944",DATE,883,896,41
Allied,ORG,915,921,41
Beny-sur-Mer,FAC,934,946,41
Normandy,PERSON,950,958,41
Kimara Lovelace,PERSON,0,15,42
Somerville,GPE,54,64,42
New Jersey,GPE,66,76,42
three,CARDINAL,88,93,42
the late nineties,DATE,156,173,42
Circles,WORK_OF_ART,177,184,42
a week,DATE,192,198,42
1,MONEY,203,204,42
1998,DATE,208,212,42
That same year,DATE,214,228,42
Kimara,GPE,230,236,42
Ridge Racer -One,WORK_OF_ART,267,283,42
R4,CARDINAL,314,316,42
Ridge,PERSON,318,323,42
Circles,WORK_OF_ART,363,370,42
Can Our Love Begin,WORK_OF_ART,382,400,42
Kimara,GPE,403,409,42
Lil Louis,PERSON,442,451,42
2000,DATE,483,487,42
5,MONEY,528,529,42
I Luv You More,WORK_OF_ART,535,549,42
9,MONEY,563,564,42
Billboard Dance Club Song Play,ORG,568,598,42
one,CARDINAL,631,634,42
United States,GPE,647,660,42
one,CARDINAL,697,700,42
US,GPE,708,710,42
American,NORP,751,759,42
American,NORP,774,782,42
American,NORP,799,807,42
Year,DATE,824,828,42
21st-century,DATE,901,913,42
American,NORP,914,922,42
Cheilosia,PRODUCT,0,9,43
Palearctic,NORP,26,36,43
"Diptera
Eyes",ORG,88,100,43
pits.3rd,DATE,135,143,43
Van Veen,PERSON,432,440,43
Van der Goot,PERSON,442,454,43
Stubbs,GPE,460,466,43
Falk,ORG,471,475,43
"Coe
 ",PERSON,477,482,43
Rotheray,PERSON,520,528,43
1994,DATE,530,534,43
Iberia,GPE,573,579,43
Mediterranean,LOC,588,601,43
Greece,GPE,611,617,43
Turkey,GPE,619,625,43
North Africa,GPE,627,639,43
Ireland,GPE,641,648,43
Russian Far East,LOC,657,673,43
the Pacific coast,LOC,677,694,43
North,LOC,719,724,43
South,LOC,743,748,43
Chaerophyllum,ORG,864,877,43
Cistus,PRODUCT,888,894,43
Hedera,GPE,915,921,43
Hieracium,GPE,923,932,43
Ranunculus,GPE,934,944,43
Sorbus,ORG,949,955,43
May to September North Europe,DATE,963,992,43
"Toranosuke ""Tora"" Takagi",PERSON,0,24,44
12,CARDINAL,39,41,44
February 1974,DATE,42,55,44
Japanese,NORP,62,70,44
Takagi,ORG,108,114,44
the early 1980s,DATE,178,193,44
first,ORDINAL,234,239,44
1987,DATE,266,270,44
All Japan National Kart A2,ORG,294,320,44
Takagi,ORG,335,341,44
1991,DATE,374,378,44
Formula Toyota,PERSON,396,410,44
1992,DATE,414,418,44
1993,DATE,423,427,44
Formula Three,PERSON,461,474,44
10th,ORDINAL,486,490,44
One,CARDINAL,522,525,44
1994,DATE,555,559,44
Japanese,NORP,590,598,44
One,CARDINAL,607,610,44
Satoru Nakajima,PERSON,618,633,44
Nakajima,ORG,647,655,44
Formula,PERSON,685,692,44
3000,CARDINAL,693,697,44
1995,DATE,740,744,44
Tyrrell,ORG,768,775,44
Formula One,ORG,778,789,44
1997,DATE,805,809,44
the Arrows Formula One,ORG,873,895,44
European,NORP,910,918,44
The Nellenköpfchen Formation,ORG,0,28,45
Germany,GPE,56,63,45
Devonian,NORP,105,113,45
Germany,GPE,179,186,45
Germany,GPE,225,232,45
Europe,LOC,252,258,45
Nasrullah Khan,PERSON,0,14,46
Nasr-Allah bin Haydar Tora,PERSON,19,45,46
1827 to 1860,DATE,76,88,46
Haydar bin Shahmurad,PERSON,110,130,46
Haydar,PERSON,151,157,46
Mir Hussein bin Haydar,PERSON,167,189,46
two months later,DATE,213,229,46
Umar bin Haydar,PERSON,251,266,46
1827,DATE,275,279,46
Nasrullah,ORG,297,306,46
Nasr-Allah bin Haydar Tora,PERSON,309,335,46
Central Asian,NORP,365,378,46
the Russian Empire,GPE,426,444,46
the British Indian Empire,ORG,462,487,46
Nasr-Allah,PERSON,502,512,46
West,LOC,534,538,46
1842,DATE,593,597,46
British,NORP,602,609,46
Charles Stoddart,PERSON,617,633,46
Arthur Conolly,PERSON,638,652,46
Joseph Wolff,PERSON,693,705,46
1843,DATE,719,723,46
Nasrullah bin Haydar Tora,PERSON,788,813,46
1839,DATE,895,899,46
Kokand,ORG,925,931,46
Pishagar,PERSON,961,969,46
Bukhara,PERSON,984,991,46
Thomas Crosbie Holdings,PERSON,0,23,47
TCH,ORG,25,28,47
Cork,GPE,85,89,47
Ireland,GPE,91,98,47
the Irish Examiner,ORG,133,151,47
third,ORDINAL,157,162,47
daily,DATE,171,176,47
the Republic of Ireland,GPE,201,224,47
TCH,ORG,227,230,47
July 2012,DATE,259,268,47
RTÉ,ORG,289,292,47
Thomas Crosbie Holdings,PERSON,298,321,47
20 January 2013,DATE,366,381,47
TCH,ORG,404,407,47
TCH,ORG,487,490,47
800,CARDINAL,500,503,47
one,CARDINAL,514,517,47
640,CARDINAL,541,544,47
6 March 2013,DATE,683,695,47
TCH,ORG,697,700,47
Landmark Media Investments Ltd,ORG,725,755,47
TCH,ORG,781,784,47
Thomas Crosbie Holdings,PERSON,794,817,47
WebPrint Concepts,ORG,830,847,47
March 2013,DATE,851,861,47
WebPrint Concepts,ORG,863,880,47
Landmark Media Investments,ORG,891,917,47
WebPrint Concepts,ORG,959,976,47
26,CARDINAL,996,998,47
Moneulia,GPE,0,8,48
Tortricidae,GPE,52,63,48
Ecuador,GPE,80,87,48
Loja Province,GPE,89,102,48
grey-brown,ORG,199,209,48
third,ORDINAL,224,229,48
third,ORDINAL,290,295,48
Moths,PRODUCT,438,443,48
2002,DATE,457,461,48
Ecuador,GPE,479,486,48
South America,LOC,504,517,48
Józef Razowski,PERSON,532,546,48
Proteaceae,ORG,63,73,49
Western Australia,LOC,105,122,49
linear,ORG,574,580,49
August,DATE,715,721,49
February,DATE,725,733,49
first,ORDINAL,839,844,49
1830,DATE,867,871,49
Robert Brown,PERSON,875,887,49
Supplementum,FAC,895,907,49
Prodromus Florae Novae Hollandiae,ORG,915,948,49
Insulae Van Diemen,ORG,952,970,49
Jordal Amfi,PERSON,0,11,50
Nye Jordal Amfi,PERSON,27,42,50
Oslo,GPE,109,113,50
Norway,GPE,115,121,50
"5,300",CARDINAL,127,132,50
Jordal Idrettspark,PERSON,185,203,50
Eliteserien,ORG,230,241,50
Vålerenga Ishockey,PERSON,260,278,50
January 2017,DATE,322,334,50
September 2020,DATE,355,369,50
2020,DATE,385,389,50
Jordal Amfi,PERSON,390,401,50
second,ORDINAL,409,415,50
first,ORDINAL,462,467,50
1951,DATE,491,495,50
1952,DATE,513,517,50
June 2016,DATE,538,547,50
Oslo,GPE,569,573,50
January 2017,DATE,657,669,50
10,CARDINAL,693,695,50
October 2020,DATE,696,708,50
Vålerenga,GPE,730,739,50
4–1,CARDINAL,752,755,50
Nordic,GPE,794,800,50
Norway,GPE,852,858,50
Oslo,GPE,876,880,50
2020,DATE,927,931,50
2020,DATE,932,936,50
Norway,GPE,955,961,50
Musunuru,GPE,0,8,52
one,CARDINAL,19,22,52
50,CARDINAL,30,32,52
the Krishna district,LOC,44,64,52
Indian,NORP,72,78,52
Andhra Pradesh,ORG,88,102,52
Krishna,GPE,129,136,52
Henry Watkins Allen,PERSON,12,31,53
1962,DATE,33,37,53
Angela Gregory,PERSON,42,56,53
Port Allen,GPE,73,83,53
Louisiana,GPE,85,94,53
United States,GPE,96,109,53
July 2020,DATE,153,162,53
July 2020,DATE,175,184,53
Black Lives Matter (BLM,ORG,229,252,53
Henry Watkins Allen,PERSON,270,289,53
Port Allen,GPE,300,310,53
Angela Gregory,PERSON,336,350,53
One,CARDINAL,402,405,53
Allen,PERSON,503,508,53
Confederate States Army,ORG,522,545,53
the Allendale Plantation,ORG,576,600,53
African Americans,NORP,628,645,53
Henry Watkins Allen,PERSON,680,699,53
Louisiana,GPE,707,716,53
one,CARDINAL,790,793,53
Gregory,ORG,806,813,53
Henry Watkins Allen's,PERSON,816,837,53
Port Allen,PERSON,878,888,53
the Allendale Plantation,FAC,910,934,53
Conidae,DATE,84,91,54
between 11 mm,QUANTITY,255,268,54
30 mm,TIME,273,278,54
the Caribbean Sea,LOC,338,355,54
the Abrolhos Archipelago,FAC,364,388,54
Eastern Brasil,LOC,390,404,54
1844-1850,DATE,432,441,54
2,CARDINAL,504,505,54
Famille,PERSON,507,514,54
Genre Cone,PERSON,530,540,54
pp,GPE,556,558,54
1,CARDINAL,560,561,54
1,CARDINAL,571,572,54
1-48,CARDINAL,582,586,54
1846,DATE,588,592,54
49,CARDINAL,595,597,54
1847,DATE,603,607,54
161,CARDINAL,610,613,54
1848,DATE,619,623,54
193,CARDINAL,626,629,54
1849,DATE,635,639,54
241-[379](assumed,CARDINAL,642,659,54
1850,DATE,666,670,54
"4,6",CARDINAL,680,683,54
1844,DATE,685,689,54
2,CARDINAL,692,693,54
5,DATE,697,698,54
7-32,DATE,700,704,54
34-36,DATE,706,711,54
38,DATE,713,715,54
40-50,CARDINAL,717,722,54
1845,DATE,724,728,54
33,CARDINAL,731,733,54
37,DATE,735,737,54
39,DATE,739,741,54
51,CARDINAL,743,745,54
54-56,DATE,750,755,54
57-68,DATE,757,762,54
74-77,DATE,764,769,54
1846,DATE,771,775,54
1,CARDINAL,778,779,54
69-73,DATE,781,786,54
78,CARDINAL,788,790,54
1847,DATE,796,800,54
104,CARDINAL,803,806,54
1848,DATE,812,816,54
107,CARDINAL,819,822,54
1849,DATE,824,828,54
108,CARDINAL,831,834,54
1850,DATE,840,844,54
Paris,GPE,848,853,54
"Rousseau & J.B. Baillière
 Puillandre N.",ORG,855,895,54
Duda T.F.,ORG,897,906,54
Meyer C.,PERSON,908,916,54
Olivera B.M. & Bouchet P.,ORG,918,943,54
2015,DATE,945,949,54
One,CARDINAL,952,955,54
four,CARDINAL,957,961,54
100 genera,QUANTITY,965,975,54
Søsum,ORG,0,5,55
the Egedal Municipality,LOC,33,56,55
the Capital Region,LOC,61,79,55
the Capital Region,GPE,125,143,55
Neo Sound Best,PERSON,0,14,56
Neo SOUND BEST,ORG,28,42,56
first,ORDINAL,51,56,56
Japanese,NORP,84,92,56
UVERworld,ORG,103,112,56
9 December 2009,DATE,125,140,56
5th,ORDINAL,203,206,56
first,ORDINAL,359,364,56
2,MONEY,434,435,56
daily,DATE,441,446,56
3,MONEY,452,453,56
weekly,DATE,454,460,56
30 weeks,DATE,478,486,56
2009,DATE,561,565,56
Sony Music Entertainment Japan,ORG,602,632,56
Japanese,NORP,652,660,56
Bayswater Power Station,ORG,0,23,57
four,CARDINAL,88,92,57
Tokyo Shibaura Electric,ORG,94,117,57
Japan,GPE,119,124,57
between 1985 and 1986,DATE,199,220,57
Muswellbrook,PERSON,251,263,57
Singleton,GPE,275,284,57
the Hunter Region,LOC,288,305,57
Australia,GPE,326,335,57
Bayswater Power Station,LAW,362,385,57
NSW Government,ORG,398,412,57
Macquarie Generation,PERSON,429,449,57
Macquarie Generation,PERSON,451,471,57
AGL Energy,ORG,488,498,57
September 2014,DATE,502,516,57
first,ORDINAL,531,536,57
1985,DATE,564,568,57
three,CARDINAL,588,593,57
same year,DATE,624,633,57
1986,DATE,649,653,57
Hunter River,LOC,699,711,57
New South Wales,LOC,771,786,57
The Barnard River Scheme,ORG,788,812,57
Bayswater,PERSON,825,834,57
Liddell,PERSON,839,846,57
Manning River,LOC,880,893,57
the Hunter River,LOC,909,925,57
HDS,ORG,0,3,58
Hitachi Data Systems,ORG,32,52,58
American,NORP,57,65,58
Hachette Distribution Services,ORG,84,114,58
Canadian,NORP,118,126,58
Croatian,NORP,294,302,58
Croatian Democratic Party,ORG,307,332,58
Croatian,NORP,334,342,58
Hoedspruit,GPE,370,380,58
South Africa,GPE,382,394,58
"Harvard Divinity School
 Heroes",ORG,396,427,58
Spanish,NORP,444,451,58
Yitong,GPE,0,6,59
Yitong,GPE,43,49,59
Jilin province,GPE,86,100,59
China,GPE,102,107,59
Jilin,GPE,164,169,59
John Paxton,PERSON,0,11,60
1911–1985,DATE,13,22,60
American,NORP,31,39,60
John Paxton,PERSON,74,85,60
John Paxton,PERSON,98,109,60
1819–1868,CARDINAL,123,132,60
English,LANGUAGE,138,145,60
J. F. Paxton,PERSON,157,169,60
1857–1936,CARDINAL,171,180,60
Canadian,NORP,185,193,60
John Paxton,PERSON,220,231,60
1890,DATE,251,255,60
English,NORP,261,268,60
John L. Paxton,PERSON,281,295,60
1920–2011,CARDINAL,297,306,60
Bill Paxton,PERSON,319,330,60
John Paxton,PERSON,353,364,60
1938,DATE,387,391,60
United States,GPE,394,407,60
Australian,NORP,413,423,60
the Australian Museum,ORG,442,463,60
"Sydney
 John M. Paxton Jr.",PERSON,465,491,60
1951,DATE,498,502,60
American Marine Corps,ORG,508,529,60
Jordi Miralles,PERSON,0,14,61
Conte,ORG,17,22,61
27 April 1962,DATE,24,37,61
14 October  2015,DATE,40,56,61
Spanish,NORP,64,71,61
Barcelona,GPE,100,109,61
the Parliament of Catalonia,ORG,142,169,61
2003 to 2012,DATE,175,187,61
the United and Alternative Left,ORG,208,239,61
three years,DATE,279,290,61
the same year,DATE,369,382,61
2002,DATE,454,458,61
2012,DATE,462,466,61
the Party of the Communists of,ORG,495,525,61
Catalonia,GPE,526,535,61
the Council of Presidents of,ORG,541,569,61
the European United Left,ORG,570,594,61
Bellvitge,GPE,631,640,61
2015,DATE,658,662,61
53,DATE,669,671,61
1962,DATE,686,690,61
2015,DATE,698,702,61
Spain,GPE,762,767,61
Spain,GPE,799,804,61
"the Parliament of Catalonia
Party",ORG,816,849,61
Communists,NORP,857,867,61
Catalonia,GPE,871,880,61
Barcelona,GPE,910,919,61
Juan José Rithner,PERSON,0,17,62
1889,DATE,19,23,62
Argentine,NORP,41,50,62
Club Atlético Porteño,ORG,92,113,62
Argentina,GPE,122,131,62
Porteño,GPE,177,184,62
200,CARDINAL,191,194,62
his 13 years,DATE,230,242,62
one,CARDINAL,262,265,62
first,ORDINAL,273,278,62
Argentine,NORP,302,311,62
11,CARDINAL,347,349,62
Porteño,ORG,374,381,62
Rithner,ORG,383,390,62
four,CARDINAL,395,399,62
two,CARDINAL,408,411,62
Primera División,FAC,412,428,62
two,CARDINAL,447,450,62
"Career 
Rithner",ORG,467,482,62
Baradero,GPE,495,503,62
Buenos Aires Province,GPE,515,536,62
Irish,NORP,557,562,62
Primera,GPE,600,607,62
División,PERSON,608,616,62
C.A. Porteño,ORG,628,640,62
1911,DATE,700,704,62
Porteño,ORG,712,719,62
2–1,CARDINAL,725,728,62
the following year,DATE,737,755,62
Porteño,GPE,777,784,62
Porteño,GPE,813,820,62
Argentine,NORP,848,857,62
"May 27, 1914",DATE,876,888,62
Rithner,ORG,890,897,62
two,CARDINAL,905,908,62
Uruguay,GPE,923,930,62
Córdoba,GPE,956,963,62
Argentina,GPE,965,974,62
first,ORDINAL,993,998,62
Stanfieldia,ORG,0,11,63
Stanfieldia,ORG,85,96,63
Haplopappus,GPE,120,131,63
J.M. Coulter,PERSON,141,153,63
Haplopappus,GPE,277,288,63
the US National Herbarium,ORG,301,326,63
Clappia,ORG,364,371,63
German,NORP,41,47,64
Bohemian,NORP,99,107,64
German Baroque,NORP,112,126,64
Barbara (Thanner,PERSON,194,210,64
five,CARDINAL,216,220,64
two,CARDINAL,230,233,64
1643–1689,DATE,296,305,64
German,NORP,318,324,64
Wolfgang Dientzenhofer,PERSON,336,358,64
1648–1706,DATE,360,369,64
German,NORP,382,388,64
Christoph Dientzenhofer,PERSON,400,423,64
7 July 1655,DATE,425,436,64
June 1722,DATE,442,451,64
Bohemian Baroque,NORP,477,493,64
1689–1751,CARDINAL,523,532,64
Bohemian Baroque,NORP,558,574,64
Leonhard Dientzenhofer,PERSON,576,598,64
1660–1707,CARDINAL,600,609,64
Johann Leonhard,PERSON,617,632,64
German,NORP,645,651,64
Banz Abbey,PERSON,663,673,64
"Johann
 Johann Dientzenhofer",PERSON,688,716,64
German,NORP,740,746,64
German,NORP,811,817,64
Wolfgang Dinzenhofer,PERSON,860,880,64
1678-1747,DATE,882,891,64
Plankenhäusel,ORG,898,911,64
Au,GPE,915,917,64
Wolfgang Dientzenhofer,PERSON,962,984,64
Amberg,GPE,988,994,64
Nicole Hitz,PERSON,0,11,65
25 April 1997,DATE,18,31,65
Swiss,NORP,38,43,65
2012,DATE,92,96,65
Junior European Championships,LAW,97,126,65
Swiss,NORP,142,147,65
2013,DATE,186,190,65
DTB Team Challenge,ORG,191,209,65
Stuttgart,GPE,213,222,65
Jessica Diacci,PERSON,228,242,65
Ilaria Käslin,PERSON,244,257,65
Sara Metzger,PERSON,263,275,65
4th,ORDINAL,299,302,65
Hitz,PERSON,309,313,65
10th,ORDINAL,323,327,65
Hitz,PERSON,348,352,65
2014,DATE,369,373,65
Cottbus World Cup,EVENT,374,391,65
the 2014 Swiss Championships,EVENT,442,470,65
6th,ORDINAL,485,488,65
4th,ORDINAL,508,511,65
6th,ORDINAL,526,529,65
4th,ORDINAL,554,557,65
the 2014 World Championships,EVENT,595,623,65
Giulia Steingruber,PERSON,634,652,65
Caterina Barloggio,PERSON,654,672,65
Ilaria Käslin,PERSON,674,687,65
Laura Schulte,PERSON,689,702,65
Stefanie Siegenthaler,PERSON,708,729,65
19th,ORDINAL,749,753,65
the 2014 Stuttgart World Cup,EVENT,798,826,65
Ilaria Käslin,PERSON,832,845,65
Stefanie Siegenthaler,PERSON,847,868,65
Jessica Diacci,PERSON,874,888,65
Germany,GPE,932,939,65
Russia,GPE,944,950,65
Hitz,PERSON,953,957,65
Alabama,GPE,39,46,66
"the United States
Whatley",GPE,59,84,66
Mendip,GPE,86,92,66
Mendip,GPE,113,119,66
Somerset,GPE,121,129,66
England,GPE,131,138,66
South Somerset,GPE,148,162,66
South Somerset,GPE,183,197,66
Somerset,GPE,199,207,66
England,GPE,209,216,66
"Whatley

See",FAC,268,280,66
yin yang huo,PERSON,84,96,67
Berberidaceae,GPE,146,159,67
China,GPE,204,209,67
Asia,LOC,245,249,67
Mediterranean,LOC,268,281,67
four,CARDINAL,372,376,67
spring,DATE,409,415,67
Epimedium,ORG,462,471,67
"Description

Species of Epimedium",ORG,721,754,67
Kenneth Gulliver,PERSON,0,16,68
14 August 1913 – 11 June 2001,DATE,18,47,68
Australian,NORP,56,66,68
twelve,CARDINAL,88,94,68
first,ORDINAL,95,100,68
New South Wales,LOC,119,134,68
1913,DATE,256,260,68
2001,DATE,268,272,68
Australian,NORP,280,290,68
EXO,ORG,48,51,69
second,ORDINAL,91,97,69
South Korean,NORP,112,124,69
Chinese,NORP,125,132,69
Exo,LOC,142,145,69
"October 25, 2017",DATE,166,182,69
SM Entertainment,ORG,186,202,69
IRIVER,ORG,222,228,69
2,CARDINAL,249,250,69
29,CARDINAL,270,272,69
2017,DATE,333,337,69
SM Entertainment,ORG,350,366,69
Korean,LANGUAGE,397,403,69
SM Entertainment,ORG,420,436,69
The 33 Strategies of War,ORG,0,24,70
2006,DATE,30,34,70
American,NORP,51,59,70
Robert Greene,PERSON,67,80,70
Greene,PERSON,448,454,70
20,MONEY,644,646,70
James G. Stavridis,PERSON,732,750,70
John Adair,PERSON,835,845,70
Greene,PERSON,851,857,70
second,ORDINAL,24,30,71
Australian,NORP,52,62,71
Root!,ORG,73,78,71
24 July 2009,DATE,92,104,71
the previous year's,DATE,124,143,71
Spanish,NORP,7,14,72
Madera County,GPE,62,75,72
California,GPE,77,87,72
Madera,GPE,122,128,72
289 feet,QUANTITY,149,157,72
88,CARDINAL,159,161,72
Patterson,PERSON,201,210,72
Trigo,ORG,239,244,72
1912 to 1942,DATE,250,262,72
California,GPE,307,317,72
Madera County,GPE,348,361,72
California,GPE,363,373,72
Jordan,PERSON,0,6,73
2008,DATE,23,27,73
Summer Paralympics,EVENT,28,46,73
Beijing,GPE,50,57,73
China,GPE,59,64,73
Jordanian,NORP,66,75,73
three,CARDINAL,97,102,73
Maha Barghouti,PERSON,179,193,73
Jordan,GPE,225,231,73
first,ORDINAL,234,239,73
Paralympic,GPE,240,250,73
2000,DATE,269,273,73
Summer Paralympics,ORG,274,292,73
Beijing,GPE,312,319,73
September 29,DATE,323,335,73
"Medalists

Sports

Athletics

Men's",ORG,338,373,73
Jordan,PERSON,445,451,73
"the Paralympics
Jordan",ORG,455,477,73
the 2008,EVENT,481,489,73
"Summer Olympics

References

Nations",EVENT,490,526,73
2008,DATE,534,538,73
"Summer Paralympics
2008",EVENT,539,562,73
"Life, Liberty & Levin",ORG,0,21,74
American,NORP,28,36,74
Mark Levin,PERSON,92,102,74
Fox News,ORG,120,128,74
"February 25, 2018",DATE,146,163,74
Each week,DATE,165,174,74
the full hour,TIME,224,237,74
November 2017,DATE,243,256,74
Fox News,ORG,258,266,74
Levin,PERSON,296,301,74
a weekend,DATE,306,315,74
Sunday nights,DATE,336,349,74
February 2018,DATE,364,377,74
American,NORP,452,460,74
Sundays,DATE,625,632,74
8:00 PM ET,TIME,636,646,74
11:00 PM ET,TIME,672,683,74
Levin,PERSON,732,737,74
COVID-19,ORG,785,793,74
"August 2, 2020",DATE,842,856,74
Sean Hannity,PERSON,873,885,74
Episode,ORG,888,895,74
Fox News,ORG,933,941,74
2010s,CARDINAL,963,968,74
American,NORP,969,977,74
Gmina Nowy Staw,ORG,59,74,75
Malbork County,GPE,83,97,75
Pomeranian Voivodeship,GPE,99,121,75
Poland,GPE,135,141,75
Nowy Staw,PERSON,175,184,75
Gdańsk,GPE,245,251,75
1772,DATE,261,265,75
Kingdom of Poland,GPE,287,304,75
1772-1919,DATE,306,315,75
Prussia,GPE,316,323,75
Germany,GPE,328,335,75
1920-1939,DATE,337,346,75
Danzig,GPE,360,366,75
1939 - February 1945,DATE,368,388,75
Nazi,NORP,389,393,75
Germany,GPE,394,401,75
Pomerania,GPE,449,458,75
160,CARDINAL,493,496,75
Malbork County,GPE,523,537,75
Leuven,GPE,68,74,76
Belgium,GPE,76,83,76
2009,DATE,116,120,76
"some 46,000",CARDINAL,153,164,76
16th century,DATE,229,241,76
Jan Rombouts the Elder,PERSON,264,286,76
Josse van,PERSON,291,300,76
Baren,PERSON,305,310,76
19th-century,DATE,314,326,76
Constantin Meunier,ORG,389,407,76
Jef Lambeaux,PERSON,409,421,76
George Minne,PERSON,426,438,76
the early 19th century,DATE,526,548,76
1823,DATE,553,557,76
first,ORDINAL,563,568,76
second,ORDINAL,595,601,76
the Leuven City Hall,ORG,611,631,76
About one century later,DATE,633,656,76
Leopold Vander Kelen,PERSON,728,748,76
Leuven,GPE,775,781,76
M Museum,ORG,839,847,76
2009,DATE,874,878,76
M Museum,ORG,884,892,76
Belgian,NORP,934,941,76
Stéphane Beel,ORG,952,965,76
1916,DATE,209,213,77
Francesco Filidei,PERSON,0,17,78
1973,DATE,24,28,78
Italian,NORP,36,43,78
Salvatore Sciarrino,ORG,88,107,78
Claire Diterzi,PERSON,201,215,78
Porto,GPE,248,253,78
Paris,GPE,258,263,78
Noriko Baba,PERSON,345,356,78
Japanese,NORP,368,376,78
the Conservatorio Luigi Cherubini,ORG,417,450,78
Florence,GPE,454,462,78
first,ORDINAL,493,498,78
Salvatore Sciarrino,ORG,578,597,78
Giacomo Manzoni,PERSON,599,614,78
Sylvano Bussotti,GPE,616,632,78
Jean Guillou,PERSON,659,671,78
Zürich,GPE,675,681,78
1999,DATE,688,692,78
the Conservatoire de Paris,ORG,716,742,78
Frédéric Durieux,ORG,748,764,78
Michaël Lévinas,PERSON,769,784,78
IRCAM,ORG,896,901,78
Franz Liszt,PERSON,945,956,78
César Franck,PERSON,958,970,78
second,ORDINAL,4,10,79
The Green Green Grass,ORG,21,42,79
between 15 September 2006,DATE,60,85,79
27 October 2006,DATE,90,105,79
Testing Times,WORK_OF_ART,135,148,79
Christmas,DATE,153,162,79
25 December 2006,DATE,180,196,79
seven,CARDINAL,243,248,79
Lisa Diveney's,PERSON,308,322,79
Beth,PERSON,334,338,79
Tyler,GPE,348,353,79
Llewellyn,PERSON,410,419,79
Alan David,PERSON,421,431,79
Ray,PERSON,437,440,79
Nigel Harrison,PERSON,442,456,79
Shazam Production,PERSON,508,525,79
John Sullivan,PERSON,563,576,79
Teddington Studios,ORG,603,621,79
first,ORDINAL,665,670,79
Dewi Humphreys,PERSON,695,709,79
Jim Sullivan,PERSON,749,761,79
John Sullivan,PERSON,763,776,79
Derren Litten,PERSON,778,791,79
James Windett,PERSON,793,806,79
Paul Alexander,PERSON,811,825,79
Friday,DATE,874,880,79
first,ORDINAL,956,961,79
Testing Times,WORK_OF_ART,972,985,79
5.04,CARDINAL,995,999,79
Cologne,GPE,69,76,80
Germany,GPE,78,85,80
1859,DATE,91,95,80
1909,DATE,99,103,80
Wrocław,GPE,143,150,80
Poland,GPE,152,158,80
1889,DATE,168,172,80
South African,NORP,34,47,81
Edelény,PERSON,0,7,82
Borsod-Abaúj-Zemplén county,ORG,21,48,82
Northern Hungary,LOC,50,66,82
Bódva River,LOC,93,104,82
Miskolc,PERSON,133,140,82
L'Huillier-Coburg Palace,ORG,155,179,82
Edelény,PERSON,299,306,82
first,ORDINAL,311,316,82
1299,DATE,330,334,82
Borsod,ORG,355,361,82
the 20th century,DATE,396,412,82
1108,DATE,439,443,82
Borsod,ORG,445,451,82
Borsod,NORP,488,494,82
the Middle Ages,LOC,498,513,82
Edelény,PERSON,534,541,82
Turkish,NORP,595,602,82
Hungary,GPE,617,624,82
the 19th century,DATE,667,683,82
1838,DATE,732,736,82
Jewish,NORP,803,809,82
1910,DATE,822,826,82
8.3%,PERCENT,828,832,82
1941,DATE,834,838,82
7.9%,PERCENT,840,844,82
early June 1944,DATE,875,890,82
Two,CARDINAL,893,896,82
Edelény,PERSON,929,936,82
1950,DATE,948,952,82
Finke,PERSON,958,963,82
1963,DATE,967,971,82
Edelény,PERSON,973,980,82
Jack R. Arthurs,PERSON,0,15,83
"July 10, 1922",DATE,17,30,83
"December 28, 2020",DATE,33,50,83
American,NORP,59,67,83
the Pennsylvania House of Representatives,ORG,105,146,83
1971 to 1978,DATE,152,164,83
the Democratic Party,ORG,180,200,83
Arthurs,ORG,202,209,83
Brookville,GPE,222,232,83
Pennsylvania,GPE,234,246,83
the United States Navy,ORG,266,288,83
December 2020,DATE,358,371,83
the age of 98,DATE,375,388,83
1922,DATE,403,407,83
2020,CARDINAL,415,419,83
Brookville,GPE,439,449,83
Pennsylvania,GPE,451,463,83
Pennsylvania,GPE,488,500,83
Pennsylvania,GPE,521,533,83
the Pennsylvania House of Representatives,ORG,545,586,83
Pennsylvania,GPE,587,599,83
Democrats,NORP,600,609,83
United States Navy,ORG,610,628,83
World War II,EVENT,642,654,83
Cause,ORG,5,10,84
Avalanche Studios,ORG,63,80,84
Eidos Interactive,ORG,110,127,84
2009,DATE,138,142,84
Square Enix Europe,ORG,146,164,84
June 2018,DATE,497,506,84
15 million,CARDINAL,536,546,84
United States,GPE,620,633,84
Panama,GPE,646,652,84
Operation Just Cause,WORK_OF_ART,666,686,84
Rico Rodriguez,PERSON,844,858,84
Medici,ORG,925,931,84
third,ORDINAL,949,954,84
Rico,PERSON,971,975,84
Riemannian,NORP,79,89,85
TxM,ORG,334,337,85
R. Harvey,PERSON,614,623,85
B. Lawson,PERSON,628,637,85
1966,DATE,667,671,85
Edmond Bonan,PERSON,673,685,85
G2-manifold,PERSON,697,708,85
Ricci,PRODUCT,804,809,85
1967,DATE,875,879,85
Edmond Bonan,PERSON,883,895,85
Vivian Yoh Kraines,ORG,900,918,85
4,CARDINAL,953,954,85
Madanapalle,ORG,0,11,86
Indian,NORP,50,56,86
Andhra Pradesh,ORG,66,80,86
Selection Grade Municipal City Council,ORG,90,128,86
Madanapalle,GPE,153,164,86
Madanapalle,GPE,176,187,86
PKM Urban Development Authority,ORG,209,240,86
Sri Maadanna,PERSON,280,292,86
1618 AD,DATE,296,303,86
Thomas Munro,PERSON,310,322,86
first,ORDINAL,327,332,86
Cuddapah,ORG,346,354,86
Madanapalle,GPE,442,453,86
every summer,DATE,454,466,86
Madanapalle,ORG,468,479,86
Madanapalle,ORG,501,512,86
Mandal code-35,PERSON,521,535,86
Andhra Pradesh,ORG,602,616,86
India,GPE,624,629,86
Maryaada,ORG,687,695,86
Madanapalle,WORK_OF_ART,748,759,86
1850,DATE,765,769,86
Madanapalle,ORG,771,782,86
F.B. Manoly,ORG,816,827,86
first,ORDINAL,836,841,86
Jana Gana Mana,WORK_OF_ART,974,988,86
Benga,GPE,995,1000,86
Grzegorz Andrzej Ślak,PERSON,0,21,87
16 May 1965,DATE,28,39,87
Ostrzeszów,GPE,43,53,87
Polish,NORP,57,63,87
Ślak,ORG,138,142,87
Bank Przemysłowo-Handlowy,ORG,165,190,87
Rybnik,PERSON,194,200,87
2002,DATE,310,314,87
the Management Board of Rafineria Trzebinia,ORG,342,385,87
first,ORDINAL,395,400,87
Poland,GPE,411,417,87
Polish,NORP,564,570,87
2005,DATE,586,590,87
first,ORDINAL,607,612,87
Central and Eastern Europe,LOC,661,687,87
Exxon Mobil,ORG,705,716,87
2005,DATE,841,845,87
ON BIO,ORG,924,930,87
10,CARDINAL,931,933,87
20%,PERCENT,965,968,87
Zhao Zhentang,PERSON,0,13,88
May 1961,DATE,22,30,88
Chinese,NORP,37,44,88
the Shanghai Advanced Research Institute,ORG,86,126,88
Chinese Academy of Sciences,ORG,128,155,88
the Chinese Nuclear Society,ORG,175,202,88
the Chinese Physical Society,ORG,213,241,88
CPS,ORG,243,246,88
Zhao,PERSON,260,264,88
May 1961,DATE,277,285,88
National College Entrance Examination,ORG,311,348,88
Tsinghua University,ORG,365,384,88
the Institute of High Energy Physics,ORG,426,462,88
1990,DATE,466,470,88
the next few years,DATE,476,494,88
Beijing Electron Positron,ORG,584,609,88
the European Organization for Nuclear Research,ORG,656,702,88
1998,DATE,714,718,88
Shanghai,GPE,731,739,88
Shanghai,GPE,778,786,88
the Shanghai Institute of Applied Physics,ORG,845,886,88
June 2001,DATE,890,899,88
nine years later,DATE,905,921,88
December 2018,DATE,960,973,88
the Shanghai Adv,ORG,984,1000,88
Thyrididae,ORG,51,61,89
African,NORP,88,95,89
Togo,NORP,106,110,89
19–20 mm,QUANTITY,145,153,89
1917,DATE,198,202,89
43rd,ORDINAL,4,8,90
Nova Scotia,GPE,9,20,90
1945,DATE,55,59,90
Nova Scotia,GPE,60,71,90
42nd,ORDINAL,94,98,90
Nova Scotia,GPE,128,139,90
1859,DATE,177,181,90
43rd General Assembly of Nova Scotia,ORG,183,219,90
1949,DATE,228,232,90
Nova Scotia,GPE,233,244,90
43rd,ORDINAL,267,271,90
Nova Scotia,GPE,301,312,90
44th,ORDINAL,322,326,90
General Assembly of Nova Scotia,ORG,327,358,90
Canadian,NORP,409,417,90
Nova Scotia,GPE,430,441,90
Zhang Ke,PERSON,0,8,91
1970,DATE,17,21,91
Chinese,NORP,28,35,91
Zhang Ke,PERSON,47,55,91
Tsinghua University,ORG,73,92,91
Beijing,GPE,96,103,91
the Harvard Graduate School of Design at,ORG,108,148,91
Harvard University,ORG,149,167,91
Cambridge,GPE,171,180,91
Massachusetts,GPE,182,195,91
USA,GPE,197,200,91
2001,DATE,205,209,91
Zhang Ke,PERSON,267,275,91
2017,DATE,343,347,91
2016,DATE,370,374,91
China,GPE,391,396,91
the Venice Biennale,FAC,400,419,91
Novartis Campus Building,PERSON,441,465,91
2016,DATE,467,471,91
Shanghai,GPE,476,484,91
China,GPE,488,493,91
Museum for China Academy of Art (CAA,ORG,533,569,91
Hangzhou,GPE,574,582,91
Longji Primary School,ORG,584,605,91
Guangxi,GPE,609,616,91
Zhang Ke's,PERSON,634,644,91
20th-century,DATE,777,789,91
Chinese,NORP,790,797,91
21st-century,DATE,809,821,91
Chinese,NORP,822,829,91
1970,DATE,841,845,91
Harvard Graduate School of Design,ORG,867,900,91
Tsinghua University,ORG,908,927,91
4,CARDINAL,42,43,92
Norfolk,ORG,73,80,92
Western Railroad,GPE,85,101,92
United States,GPE,103,116,92
1879,DATE,136,140,92
the Baldwin Locomotive Works,FAC,144,172,92
Pennsylvania,GPE,174,186,92
1900,DATE,207,211,92
first,ORDINAL,241,246,92
1903,DATE,293,297,92
1941,DATE,317,321,92
the United States,GPE,360,377,92
1879,DATE,412,416,92
the United States,GPE,447,464,92
Scrapped,NORP,485,493,92
The Maine Industrial School for Girls,ORG,0,37,93
the Stevens School,ORG,58,76,93
the State School for Girls,ORG,81,107,93
Hallowell,ORG,111,120,93
Winthrop Street,FAC,179,194,93
Hallowell,GPE,198,207,93
Maine,GPE,209,214,93
1874,DATE,258,262,93
the mid-1970s,DATE,269,282,93
the National Register of Historic Places,ORG,307,347,93
Department of Corrections,ORG,396,421,93
2003,DATE,447,451,93
2016,DATE,563,567,93
Mastway Development,PERSON,594,613,93
Winthrop,ORG,622,630,93
Maine,GPE,632,637,93
36,CARDINAL,712,714,93
the University of Maine at Augusta,ORG,741,775,93
August of 2019,DATE,792,806,93
Maine Industrial School for Girls,ORG,844,877,93
Hallowell,ORG,923,932,93
Winthrop Street,FAC,955,970,93
Vietnamese,NORP,32,42,94
Dalat,PERSON,57,62,94
Indochina,GPE,101,110,94
Vietnam,GPE,115,122,94
Laos,GPE,251,255,94
the Nakai-Nam Theun Biodiversity Conservation Area,ORG,287,337,94
the white pine group,ORG,542,562,94
Strobus,ORG,579,586,94
five,CARDINAL,677,681,94
The School of Law,ORG,0,17,95
the University of Glasgow,ORG,21,46,95
Law,PERSON,98,101,95
Bachelor of Laws,ORG,129,145,95
Legum Baccalaureus,PERSON,147,165,95
LLB,ORG,167,170,95
Master of Laws (Iuris Vtriusque Magistrum,WORK_OF_ART,173,214,95
LLM,ORG,222,225,95
Master of Research,ORG,239,257,95
PhD,WORK_OF_ART,311,314,95
forty-nine,CARDINAL,409,419,95
over one thousand,CARDINAL,449,466,95
the School of Law,ORG,497,514,95
Jane Mair,PERSON,528,537,95
2019,DATE,544,548,95
Complete University Guide,ORG,549,574,95
Glasgow,PERSON,598,605,95
2nd,ORDINAL,609,612,95
UK,GPE,620,622,95
2019,DATE,633,637,95
Guardian,ORG,656,664,95
Glasgow,PERSON,672,679,95
ninth,ORDINAL,683,688,95
UK,GPE,696,698,95
2018,DATE,704,708,95
Times,ORG,713,718,95
Glasgow,PERSON,742,749,95
4th,ORDINAL,753,756,95
UK,GPE,764,766,95
University,ORG,784,794,95
1451,DATE,811,815,95
four,CARDINAL,828,832,95
Civil Law,PERSON,902,911,95
the sixteenth Century,DATE,936,957,95
North American,NORP,151,165,96
the Mojave Desert,LOC,190,207,96
California,GPE,211,221,96
Nevada,GPE,223,229,96
Utah,GPE,233,237,96
Baja,GPE,246,250,96
California,GPE,251,261,96
"Description
Eriodictyon",PERSON,264,287,96
about 10 centimeters,QUANTITY,322,342,96
five,CARDINAL,405,409,96
June &,DATE,442,448,96
July,DATE,452,456,96
Baja,GPE,476,480,96
California,GPE,481,491,96
the Sierra de Juarez,ORG,541,561,96
the Sierra de San Pedro Martir,ORG,566,596,96
the Sierra de la Asamblea,ORG,662,687,96
the Sierra de San Borja,ORG,692,715,96
Eriodictyon,PERSON,872,883,96
Inokashira Park Zoo,ORG,0,19,97
Japanese,NORP,21,29,97
Kanji,PERSON,46,51,97
Musashino,GPE,80,89,97
Tokyo,GPE,91,96,97
Inokashira Park,FAC,119,134,97
the Ghibli Museum,ORG,140,157,97
Mitaka,ORG,185,191,97
"May 17, 1942",DATE,206,218,97
Asian,NORP,258,263,97
Hanako,PERSON,273,279,97
2016,DATE,297,301,97
Japanese,NORP,330,338,97
2006,DATE,378,382,97
the Ministry of the Environment,ORG,417,448,97
Tsushima,GPE,471,479,97
Breeding,ORG,506,514,97
"February 22, 2008",DATE,528,545,97
Gotenyama,GPE,581,590,97
Musashino,PERSON,592,601,97
Inokashira,GPE,627,637,97
Mitaka,ORG,639,645,97
Inokashira,PERSON,755,765,97
"June 2, 2013",DATE,919,931,97
Staying Power,ORG,0,13,98
twentieth,ORDINAL,21,30,98
American R&B,ORG,57,69,98
Barry White,PERSON,77,88,98
"July 27, 1999",DATE,102,115,98
White,ORG,132,137,98
first,ORDINAL,140,145,98
five years,DATE,158,168,98
Private Music,ORG,201,214,98
four,CARDINAL,258,262,98
A&M,ORG,279,282,98
1994,DATE,307,311,98
The Icon Is Love,WORK_OF_ART,331,347,98
the 1970s,DATE,381,390,98
Staying Power,ORG,393,406,98
Chaka Khan,PERSON,427,437,98
Lisa Stansfield,PERSON,442,457,98
White,LOC,479,484,98
1981,DATE,535,539,98
Barry,PERSON,551,556,98
Glodean,NORP,561,568,98
Staying Power,WORK_OF_ART,583,596,98
White two Grammy Awards,ORG,635,658,98
2000,DATE,662,666,98
Best Male R&B Vocal Performance,ORG,685,716,98
Best Traditional R&B Vocal Performance,ORG,721,759,98
War,WORK_OF_ART,789,792,98
White,ORG,836,841,98
Sly and The Family Stone's,ORG,879,905,98
Thank You (Falettinme Be Mice Elf Again,WORK_OF_ART,907,946,98
Holme St. Cuthbert,PERSON,45,63,99
Cumbria,GPE,67,74,99
United Kingdom,GPE,76,90,99
approximately one mile,QUANTITY,106,128,99
Mawbray,PERSON,168,175,99
two,CARDINAL,180,183,99
Salta,ORG,241,246,99
Allonby,PERSON,266,273,99
Jericho,GPE,295,302,99
Approximately 23 miles,QUANTITY,350,372,99
Carlisle,GPE,406,414,99
Allonby Bay,PERSON,416,427,99
the Solway Firth,FAC,441,457,99
one,CARDINAL,462,465,99
B5300 coast,LOC,512,523,99
Silloth,PERSON,548,555,99
Solway,GPE,559,565,99
six,CARDINAL,567,570,99
Maryport,PERSON,606,614,99
six miles,QUANTITY,616,625,99
Edderside Hall,FAC,679,693,99
Holme St. Cuthbert,FAC,712,730,99
Edderside,ORG,771,780,99
1989–1990,DATE,799,808,99
Robert H. Bewley,PERSON,812,828,99
Edderside,ORG,850,859,99
first,ORDINAL,974,979,99
15 August 1997,DATE,25,39,100
Romanian,NORP,46,54,100
Career,PRODUCT,119,125,100
29 March 2019,DATE,182,195,100
Cupa României,PERSON,217,230,100
2019–20,CARDINAL,232,239,100
Toma Niga,PERSON,273,282,100
"lpf.ro

1997",DATE,286,298,100
Suceava County,GPE,332,346,100
Romanian,NORP,347,355,100
Liga,PERSON,401,405,100
Liga II,PRODUCT,416,423,100
Foresta Suceava,PERSON,436,451,100
Academica Clinceni,PERSON,491,509,100
FC Hermannstadt,ORG,518,533,100
PCT,ORG,22,25,101
PCT,ORG,496,499,101
PCT,ORG,698,701,101
Snellen,ORG,881,888,101
Joseph Mathew Patanelli,PERSON,0,23,102
"September 18, 1919 –",DATE,25,45,102
"August 18, 1998",DATE,46,61,102
American,NORP,70,78,102
the Toledo Jeeps,ORG,151,167,102
Minneapolis Lakers,ORG,172,190,102
the National Basketball League,ORG,194,224,102
3.6,CARDINAL,238,241,102
the Kansas City Blues,ORG,278,299,102
the Professional Basketball League of America,ORG,303,348,102
the 1947–48 season,DATE,356,374,102
Patanelli,PERSON,377,386,102
Indiana University,ORG,444,462,102
Patanelli,PERSON,632,641,102
four years,DATE,675,685,102
three,CARDINAL,688,693,102
Chicago White Sox,ORG,698,715,102
the Cincinnati Reds,ORG,758,777,102
the Wisconsin Rapids White Sox,ORG,795,825,102
1946,DATE,827,831,102
Fall River Indians,ORG,834,852,102
1947,DATE,854,858,102
Superior Blues,ORG,861,875,102
1948,DATE,877,881,102
Rockford Rox,PERSON,888,900,102
1948,DATE,902,906,102
368,CARDINAL,912,915,102
Patanelli,PERSON,930,939,102
16,CARDINAL,960,962,102
Louisiana Highway,FAC,81,98,103
10,CARDINAL,99,101,103
Jackson,GPE,140,147,103
Louisiana,GPE,149,158,103
East Feliciana,LOC,162,176,103
Parish,NORP,177,183,103
the Louisiana Legislature,ORG,223,248,103
1847,DATE,252,256,103
1848,DATE,285,289,103
"the ""State Insane Asylum",ORG,328,352,103
Jackson,PERSON,387,394,103
New Orleans,GPE,521,532,103
between 1847 and 1854,DATE,569,590,103
Greek,NORP,642,647,103
The United States Census,ORG,671,695,103
1860,DATE,700,704,103
98,CARDINAL,724,726,103
John Welch Jones,PERSON,742,758,103
Jackson,PERSON,774,781,103
1874,DATE,818,822,103
Jones,PERSON,824,829,103
Jones,PERSON,936,941,103
4,CARDINAL,12,13,104
200 metre,QUANTITY,16,25,104
2011,DATE,84,88,104
Pan American Games,ORG,89,107,104
the 18 of October,DATE,122,139,104
the Scotiabank Aquatics Center,ORG,143,173,104
Pan American Games,ORG,189,207,104
the United States,GPE,220,237,104
sixteen,CARDINAL,263,270,104
four,CARDINAL,304,308,104
four,CARDINAL,328,332,104
first,ORDINAL,358,363,104
second,ORDINAL,405,411,104
Pan American Games,ORG,503,521,104
minutes,TIME,579,586,104
Heats,PERSON,589,594,104
first,ORDINAL,599,604,104
October 18,DATE,623,633,104
only seven,CARDINAL,638,648,104
October 18,DATE,772,782,104
2011,DATE,813,817,104
Pan American Games,LAW,818,836,104
4,CARDINAL,837,838,104
200 metre,QUANTITY,841,850,104
2011,DATE,867,871,104
Hagworthingham,GPE,28,42,105
Lincolnshire,GPE,44,56,105
England,GPE,58,65,105
Sabaki,GPE,4,10,106
the Swahili Coast,LOC,48,65,106
the Sabaki River,LOC,77,93,106
Sabaki,GPE,95,101,106
Pokomo,ORG,107,113,106
Crocodile,ORG,137,146,106
Swahili,ORG,163,170,106
Sabaki,GPE,172,178,106
Ilwana (Malakote,ORG,197,213,106
Pokomo,ORG,219,225,106
the Tana River,LOC,229,243,106
Kenya,GPE,247,252,106
Mijikenda,GPE,254,263,106
Kenyan,NORP,279,285,106
Comorian,NORP,293,301,106
the Comoro Islands,LOC,306,324,106
Mwani,PERSON,330,335,106
Mozambique,GPE,356,366,106
Guthrie,PERSON,371,378,106
Swahili,ORG,408,415,106
Bantu,GPE,422,427,106
Sabaki,GPE,454,460,106
E70,ORG,483,486,106
Nyika,PRODUCT,512,517,106
Pokomo (E.71,ORG,556,568,106
North (Nyika,ORG,591,603,106
Segeju,GPE,606,612,106
Comorian,NORP,628,636,106
two,CARDINAL,661,664,106
Shingazidja,PERSON,695,706,106
Eastern,ORG,712,719,106
Shimaore,LOC,721,729,106
Shindzwani,PERSON,734,744,106
Mwani (Mozambique,ORG,746,763,106
Sidi,PERSON,794,798,106
Pakistan,GPE,800,808,106
Somalia,GPE,835,842,106
Socotra Swahili,PERSON,845,860,106
Mwiini,PERSON,862,868,106
Brava,ORG,870,875,106
Somalia,GPE,877,884,106
Coastal Swahili,PRODUCT,887,902,106
Mombasa,NORP,910,917,106
Pemba Swahili,PERSON,930,943,106
Mafia,ORG,952,957,106
Swahili,ORG,991,998,106
English,LANGUAGE,14,21,107
Some Bizzare Records,ORG,57,77,107
Background,GPE,80,90,107
late night,TIME,155,165,107
2007,DATE,295,299,107
the Protect & Survive EP,ORG,300,324,107
the White Label Music,ORG,341,362,107
Doepfer,ORG,451,458,107
Some Bizzare Records,ORG,572,592,107
Stevo Pearce,PERSON,611,623,107
Soft Cell,ORG,639,648,107
The Kennedy Syndrome,WORK_OF_ART,669,689,107
Some Bizzare Double,FAC,741,760,107
2008,DATE,841,845,107
Kontour,ORG,846,853,107
Some Bizzare Records,ORG,885,905,107
Stevo Pearce,PERSON,907,919,107
Girton Grammar School,ORG,0,21,108
Australian,NORP,28,38,108
Prep to Year 12,DATE,78,93,108
Bendigo,GPE,105,112,108
Victoria,GPE,114,122,108
late 1992,DATE,171,180,108
Girton College,ORG,212,226,108
Anglican,NORP,263,271,108
Bendigo,ORG,283,290,108
Girton Grammar School,ORG,405,426,108
early 1993,DATE,482,492,108
Clayton Jones,PERSON,536,549,108
105,CARDINAL,643,646,108
MacKenzie Street,FAC,647,663,108
Bendigo,ORG,665,672,108
Year 7 to 12,DATE,702,714,108
22,CARDINAL,727,729,108
Vine Street,FAC,730,741,108
2016,DATE,765,769,108
20.1%,PERCENT,771,776,108
Girton Grammar School,ORG,780,801,108
VCE,ORG,822,825,108
40,CARDINAL,835,837,108
ATAR,ORG,859,863,108
2016,DATE,873,877,108
83,DATE,882,884,108
26%,PERCENT,891,894,108
Year 12,DATE,898,905,108
VCE,ORG,906,909,108
10%,PERCENT,942,945,108
15%,PERCENT,960,963,108
5%,PERCENT,975,977,108
4%,PERCENT,983,985,108
1%,PERCENT,997,999,108
Article 181,LAW,0,11,109
Belarus,GPE,50,57,109
2001,DATE,106,110,109
Article 181,LAW,136,147,109
Article 181,LAW,281,292,109
the Chapter of Belarusian,ORG,304,329,109
a period of,DATE,510,521,109
three months,DATE,522,534,109
up to three years,DATE,551,568,109
up to six years,DATE,585,600,109
five to ten years,DATE,879,896,109
ten-year,DATE,959,967,109
Bidens,GPE,0,6,110
Ethiopia,GPE,65,73,110
Ethiopia,GPE,78,86,110
the start of summer,DATE,142,161,110
the end of a year,DATE,181,198,110
Ethiopian New Year,ORG,235,253,110
Abebayehosh,ORG,326,337,110
the new year,DATE,427,439,110
Cincinnati,GPE,0,10,111
Washington County,GPE,58,75,111
Arkansas,GPE,77,85,111
United States,GPE,87,100,111
Cincinnati,GPE,102,112,111
Summers,PERSON,141,148,111
942,CARDINAL,198,201,111
2000,DATE,209,213,111
Fayetteville,LOC,240,252,111
Arkansas,GPE,272,280,111
Missouri Metropolitan Statistical Area,ORG,281,319,111
Cincinnati,GPE,332,342,111
Ozarks,LOC,353,359,111
the Springfield Plateau,LOC,384,407,111
the Boston Mountains,LOC,414,434,111
Cincinnati,GPE,436,446,111
Arkansas Highway,FAC,453,469,111
U.S. Route,ORG,509,519,111
Oklahoma,GPE,540,548,111
the west bank,GPE,584,597,111
Cincinnati Creek,GPE,601,617,111
the early years before 1857,DATE,632,659,111
Cincinnati,GPE,661,671,111
first,ORDINAL,676,681,111
Buzzard Roost,PERSON,691,704,111
Silvia,PERSON,711,717,111
Fayetteville,GPE,802,814,111
Arkansas,GPE,816,824,111
Three,CARDINAL,840,845,111
Cincinnati,GPE,849,859,111
2010,DATE,890,894,111
New Year's Eve,EVENT,895,909,111
four days later,DATE,941,956,111
2001,DATE,31,35,112
Brian Trenchard-Smith,PERSON,90,111,112
Michael York,PERSON,125,137,112
Michael Biehn,PERSON,139,152,112
Diane Venora,PERSON,154,166,112
R. Lee Ermey,PERSON,168,180,112
Franco Nero,PERSON,195,206,112
1999,DATE,233,237,112
The Omega Code,WORK_OF_ART,243,257,112
first,ORDINAL,320,325,112
$20 million,MONEY,370,381,112
$7.6 million,MONEY,405,417,112
York,PERSON,431,435,112
Dispatches,WORK_OF_ART,526,536,112
Armageddon,GPE,542,552,112
six-year-old,DATE,581,593,112
David,PERSON,657,662,112
Stone,ORG,713,718,112
David,PERSON,738,743,112
Stone,ORG,768,773,112
David,PERSON,893,898,112
Daniel,PERSON,938,944,112
David Hedison,PERSON,946,959,112
Stone,ORG,968,973,112
Mary Walker Phillips,PERSON,0,20,113
"November 23, 1923",DATE,22,39,113
"November 3, 2007",DATE,42,58,113
American,NORP,67,75,113
1984,DATE,231,235,113
Fresno Arts Center,ORG,236,254,113
Jack Lenor Larsen,PERSON,267,284,113
Phillips,PERSON,295,303,113
England,GPE,413,420,113
America,GPE,425,432,113
today,DATE,433,438,113
U.S.,GPE,525,529,113
Europe,LOC,534,540,113
Phillips,PERSON,554,562,113
Fresno,GPE,575,581,113
California,GPE,583,593,113
"November 23, 1923",DATE,598,615,113
the Cranbrook Academy of Art,ORG,689,717,113
Bloomfield Hills,GPE,721,737,113
Michigan,GPE,739,747,113
1946-1947,DATE,753,762,113
BFA,ORG,786,789,113
San Francisco,GPE,848,861,113
Dorothy Liebes,PERSON,890,904,113
Robert Moloney,PERSON,0,14,114
Canadian,NORP,20,28,114
Alistair Gryffen,PERSON,69,85,114
"K-9.

",WORK_OF_ART,103,109,114
Moloney,PERSON,126,133,114
the Langara College,ORG,149,168,114
Vancouver,GPE,172,181,114
Studio 58,ORG,222,231,114
1995,DATE,236,240,114
first,ORDINAL,253,258,114
Kevin McSwain,PERSON,276,289,114
Highlander,LANGUAGE,293,303,114
2001,DATE,308,312,114
Borren,ORG,328,334,114
2008,DATE,356,360,114
Koracen,NORP,364,371,114
Atlantis,PRODUCT,385,393,114
2007,DATE,398,402,114
Leo Award,ORG,410,419,114
Lou Boyd,PERSON,493,501,114
Christmas,DATE,505,514,114
Chestnut Street,FAC,518,533,114
K-9 Moloney,PERSON,538,549,114
Alistair Gryffen,PERSON,586,602,114
2012,DATE,607,611,114
Moloney,GPE,612,619,114
David,PERSON,632,637,114
Romance,GPE,656,663,114
Robert Moloney,PERSON,713,727,114
Clybourne Park,FAC,778,792,114
Robert Moloney,PERSON,793,807,114
the Jessie Richardson Theatre Award,ORG,812,847,114
Astrov,PERSON,894,900,114
Vanya,PRODUCT,910,915,114
Tommy Bane,PERSON,954,964,114
Except,GPE,968,974,114
the Unlikely Event of,ORG,978,999,114
Aleksandr,GPE,0,9,115
Yevgenyevich Shchanitsin,PERSON,10,34,115
December 1984,DATE,45,58,115
Russian,NORP,65,72,115
Shchanitsyn,PERSON,111,122,115
the Russian Second Division,ORG,154,181,115
2003,DATE,185,189,115
Russian,NORP,232,239,115
Premier League,ORG,240,254,115
Spartak Nalchik,PERSON,269,284,115
13 March 2010,DATE,288,301,115
Anzhi Makhachkala,PERSON,323,340,115
Career,PRODUCT,343,349,115
1984,DATE,374,378,115
Ivanovo,GPE,418,425,115
Russian,NORP,426,433,115
Yekaterinburg,GPE,487,500,115
Spartak Nalchik,PERSON,513,528,115
Russian,NORP,537,544,115
FC Tekstilshchik Ivanovo,WORK_OF_ART,568,592,115
Version 1 Unix,EVENT,341,355,116
Version 4's,ORG,420,431,116
fstat,PERSON,652,657,116
zero,CARDINAL,801,805,116
Tranquil,ORG,38,46,117
British,NORP,99,106,117
Tranquil,GPE,130,138,117
Mississippi,GPE,140,151,117
the United States,GPE,163,180,117
the South Orkney Islands,LOC,206,230,117
Tranquil Star,PERSON,241,254,117
Australian,NORP,259,269,117
Musical Party,ORG,0,13,118
Hall,GPE,19,23,118
1663–1665,CARDINAL,28,37,118
Dutch,NORP,75,80,118
Pieter de Hooch,PERSON,89,104,118
Dutch Golden Age,PERSON,126,142,118
Museum,ORG,170,176,118
Hofstede de Groot,ORG,231,248,118
1908,DATE,252,256,118
34,CARDINAL,295,297,118
three,CARDINAL,379,384,118
Ispahan,GPE,420,427,118
One,CARDINAL,465,468,118
greenish,NORP,981,989,118
Alaska,GPE,4,10,119
110-acre,QUANTITY,33,41,119
44.5,CARDINAL,43,47,119
the Far North Bicentennial Park,ORG,84,115,119
4601,DATE,119,123,119
"Campbell Airstrip Road, Anchorage",FAC,124,157,119
Alaska,GPE,159,165,119
United States,GPE,167,180,119
1993,DATE,243,247,119
year-round,DATE,257,267,119
8,CARDINAL,531,532,119
80 acres,QUANTITY,618,626,119
32.4,CARDINAL,628,632,119
"1,100",CARDINAL,724,729,119
Lower Perennial Gardens,ORG,769,792,119
some 150,CARDINAL,803,811,119
Alaska,GPE,826,832,119
over 350,CARDINAL,868,876,119
1.1-mile,QUANTITY,922,930,119
1.8 km,QUANTITY,932,938,119
Mollie Jenson,PERSON,0,13,120
1890-1973,DATE,15,24,120
American,NORP,33,41,120
River Falls,ORG,56,67,120
Wisconsin,GPE,69,78,120
Mollie Jenson’s Art Exhibit,PERSON,157,184,120
Mollie Jenson’s,PERSON,200,215,120
Zoo & Museum,ORG,216,228,120
Mollie Nelson,PERSON,300,313,120
1890,DATE,326,330,120
Norwegian,NORP,350,359,120
River Falls,FAC,405,416,120
1959,DATE,440,444,120
Obert Jenson,PERSON,458,470,120
1911,DATE,474,478,120
six,CARDINAL,502,505,120
Jenson,PERSON,650,656,120
first,ORDINAL,671,676,120
ten-foot,QUANTITY,700,708,120
Dutch Windmill,PERSON,714,728,120
1940,DATE,733,737,120
Windmill,PERSON,743,751,120
Jenson’s 1941 Fireplace,ORG,868,891,120
Yarmıca and Yarymdzha,ORG,15,36,121
the Babek District,LOC,71,89,121
Azerbaijan,GPE,105,115,121
"1,336",CARDINAL,141,146,121
Babek District,GPE,182,196,121
Alexandre Camarasa,PERSON,0,18,122
10 June 1987,DATE,25,37,122
French,NORP,44,50,122
the 2016 Summer Olympics,EVENT,109,133,122
1987,DATE,148,152,122
French,NORP,174,180,122
France,GPE,235,241,122
the 2016,EVENT,264,272,122
Marseille,ORG,307,316,122
2013,DATE,336,340,122
"Mediterranean Games
",EVENT,341,361,122
Mediterranean Games,FAC,361,380,122
France,GPE,397,403,122
The de Havilland Firestreak,ORG,0,27,123
British,NORP,33,40,123
Hawker Siddeley,PERSON,169,184,123
the early 1950s,DATE,189,204,123
1957,DATE,226,230,123
first,ORDINAL,243,248,123
the Royal Air Force,ORG,290,309,123
RAF,ORG,311,314,123
Fleet Air Arm,ORG,320,333,123
the English Electric Lightning,ORG,345,375,123
Gloster Javelin,PERSON,404,419,123
20 degrees,QUANTITY,501,511,123
third,ORDINAL,604,609,123
US,GPE,659,661,123
Falcon,ORG,668,674,123
the previous year,DATE,727,744,123
Firestreak,WORK_OF_ART,782,792,123
Cass-Clay,ORG,0,9,124
Cass-Clay Creamery,ORG,13,31,124
Fargo,GPE,63,68,124
North Dakota,GPE,70,82,124
1934,DATE,102,106,124
Moorhead,ORG,122,130,124
Minnesota,GPE,132,141,124
present-day,DATE,147,158,124
200,CARDINAL,179,182,124
Fargo,GPE,200,205,124
1935,DATE,367,371,124
Cass-Clay Cooperative Creamery,ORG,372,402,124
first,ORDINAL,414,419,124
Moorhead,GPE,429,437,124
Minnesota,GPE,438,447,124
2007,DATE,452,456,124
Associated Milk Producers Inc.,ORG,476,506,124
2012,DATE,514,518,124
"Kemps LLC

References

External",ORG,539,570,124
Cass-Clay Creamery,ORG,577,595,124
the United States,GPE,624,641,124
Fargo,GPE,661,666,124
"the United States
Food",GPE,704,726,124
North Dakota,GPE,756,768,124
North Dakota,GPE,802,814,124
William H. Ahmanson,PERSON,0,19,125
"October 12, 1925 – 2008",DATE,21,44,125
American,NORP,53,61,125
Los Angeles,GPE,115,126,125
California,GPE,128,138,125
H. F. Ahmanson & Co.,ORG,197,217,125
1969,DATE,223,227,125
The Ahmanson Foundation,ORG,272,295,125
William Hayden,PERSON,323,337,125
Ahmanson,PERSON,339,347,125
"October 12, 1925",DATE,360,376,125
Omaha,GPE,381,386,125
Nebraska,GPE,388,396,125
Robert H. Ahmanson,PERSON,416,434,125
the National American Insurance Co.,ORG,470,505,125
Omaha,GPE,509,514,125
Howard F. Ahmanson Sr.,PERSON,527,549,125
H. F. Ahmanson & Co.,ORG,570,590,125
Los Angeles,GPE,648,659,125
the University of California,ORG,679,707,125
Los Angeles,GPE,709,720,125
UCLA,ORG,722,726,125
1949,DATE,780,784,125
H. F. Ahmanson & Co.,ORG,860,880,125
1969,DATE,886,890,125
The Ahmanson Foundation,ORG,938,961,125
1952,DATE,967,971,125
Płonia,ORG,4,10,126
West Pomeranian Voivodeship,GPE,28,55,126
Poland,GPE,57,63,126
Oder,ORG,90,94,126
74.3,CARDINAL,119,123,126
1101,DATE,147,151,126
km²,PERSON,152,155,126
1.5,CARDINAL,171,174,126
Barlinek,ORG,184,192,126
Miedwie,GPE,228,235,126
Płoń,ORG,240,244,126
Płonia,ORG,255,261,126
Dąbie Lake,PERSON,273,283,126
Dąbie,GPE,287,292,126
Szczecin,GPE,294,302,126
Płonia,GPE,326,332,126
West Pomeranian,NORP,438,453,126
The Postal Building,ORG,0,19,127
Portland,GPE,54,62,127
Oregon,GPE,64,70,127
the National Register of Historic Places,ORG,90,130,127
National Register of Historic Places,ORG,143,179,127
Southwest Portland,GPE,192,210,127
Oregon,GPE,212,218,127
1901,DATE,248,252,127
Oregon,GPE,271,277,127
1901,DATE,312,316,127
National Register of Historic Places,ORG,317,353,127
Portland,GPE,357,365,127
Oregon,GPE,367,373,127
the National Register of Historic Places,ORG,399,439,127
Oregon,GPE,443,449,127
Renaissance Revival,ORG,450,469,127
Oregon,GPE,486,492,127
Southwest Portland,GPE,493,511,127
Oregon,GPE,513,519,127
Portland,GPE,520,528,127
32,CARDINAL,0,2,128
32 December,DATE,13,24,128
1988,DATE,31,35,128
Italian,NORP,36,43,128
Luciano De Crescenzo,PERSON,80,100,128
the De Crescenzo's,ORG,125,143,128
Oi Dialogoi,PERSON,150,161,128
Enzo Cannavale,PERSON,184,198,128
Caterina Boratto,PERSON,315,331,128
Renato Scarpa,PERSON,342,355,128
Oscar,PERSON,357,362,128
Massimo Serato,PERSON,364,378,128
"Ferruccio Ceravolo
Enzo Cannavale",PERSON,380,413,128
Alfonso Caputo,PERSON,415,429,128
"Alfonso 
Silvio Ceccato",ORG,443,466,128
Cavalier Sanfilippo/Socrate,ORG,468,495,128
Salvatore Coppola/Antistene,ORG,498,525,128
Saverio Pezzullo/Aristippo,ORG,528,554,128
"Marlon Cacace/Diogene  
Riccardo Cucciolla",PERSON,557,599,128
"Mimma 
Antonio Allocca: merciaio",PERSON,682,714,128
Peppe,PERSON,717,722,128
Riccardo Pazzaglia,PERSON,737,755,128
Italian,NORP,791,798,128
1988,DATE,808,812,128
1988,DATE,842,846,128
1988,DATE,853,857,128
Italian,NORP,871,878,128
Italian,NORP,892,899,128
Italian,NORP,915,922,128
Luciano De Crescenzo,PERSON,947,967,128
Italian,NORP,968,975,128
Rare Bird,PERSON,2,11,129
French,NORP,13,19,129
Un,ORG,21,23,129
1935,DATE,42,46,129
French,NORP,47,53,129
Richard Pottier,PERSON,78,93,129
Pierre Brasseur,PERSON,107,122,129
Max Dearly,PERSON,124,134,129
Monique Rolland,PERSON,139,154,129
Robert Hubert,PERSON,208,221,129
Jacques Krauss,PERSON,226,240,129
Pierre Brasseur,PERSON,249,264,129
Jean Berthier,PERSON,268,281,129
Max Dearly,PERSON,285,295,129
Melleville,ORG,299,309,129
Monique Rolland,PERSON,313,328,129
"Renée 
 Charles Dechamps",PERSON,332,356,129
Le directeur de l'hôtel,ORG,360,383,129
Jean Tissier,PERSON,387,399,129
Mascaret,PERSON,403,411,129
Madeleine Guitty,PERSON,415,431,129
Léonie,PERSON,435,441,129
Henri Vilbert,PERSON,445,458,129
Grégoire,PERSON,462,470,129
Claire Gérard,PERSON,474,487,129
Mme Berthier,PERSON,491,503,129
Pierre Larquey,PERSON,507,521,129
Valentin,NORP,525,533,129
Marcel Duhamel,PERSON,537,551,129
Le,ORG,555,557,129
Tourtau,ORG,564,571,129
Madeleine Suffel,PERSON,575,591,129
La,GPE,595,597,129
Tourtau,ORG,606,613,129
Anthony Gildès,PERSON,617,631,129
Le,ORG,635,637,129
Broux,PERSON,660,665,129
Carlos Avril,PERSON,669,681,129
"Lou Bonin 
 Marguerite de Morlaye",PERSON,684,717,129
Geno Ferny,PERSON,749,759,129
Le membre du conseil d'administration,FAC,763,800,129
Georges Jamin,PERSON,804,817,129
Un,ORG,821,823,129
Liliane Lesaffre,PERSON,838,854,129
Maurice Marceau,PERSON,873,888,129
Le,ORG,892,894,129
Pierre Sabas,PERSON,916,928,129
Three Men in the Snow,WORK_OF_ART,941,962,129
1936,DATE,964,968,129
Three,CARDINAL,984,989,129
0-6,CARDINAL,40,43,130
0-6,CARDINAL,164,167,130
1874–1883,CARDINAL,200,209,130
England,GPE,275,282,130
1927,DATE,301,305,130
the Central Section,ORG,367,386,130
D.E. Marsh,ORG,496,506,130
1911,DATE,513,517,130
North Cornwall,LOC,683,697,130
Padstow,NORP,706,713,130
Ten,CARDINAL,716,719,130
Brighton,GPE,795,803,130
the next two years,DATE,815,833,130
0-6,CARDINAL,954,957,130
dispatche,ORG,991,1000,130
Andrei Mihailavich Khripach,PERSON,0,27,131
28 May 1972,DATE,36,47,131
Belarusian,NORP,54,64,131
Zhodino,GPE,128,135,131
Khripach,PERSON,137,145,131
Fandok Bobruisk,PERSON,190,205,131
1992,DATE,209,213,131
1994,DATE,242,246,131
the Belarusian Cup,EVENT,267,285,131
1996,DATE,289,293,131
Belshina Bobruisk,PERSON,310,327,131
1996,DATE,331,335,131
seven,CARDINAL,352,357,131
Belshina,ORG,370,378,131
three Belarusian Cup,MONEY,388,408,131
one,CARDINAL,413,416,131
Belarusian Premier League,ORG,417,442,131
Khripach,PERSON,452,460,131
FC Baranovichi,ORG,497,511,131
more than 250,CARDINAL,550,563,131
Belarusian,NORP,564,574,131
20,CARDINAL,617,619,131
Khripach,PERSON,628,636,131
four,CARDINAL,642,646,131
Belarus,GPE,667,674,131
second-half,DATE,742,753,131
Ukraine,GPE,787,794,131
1994,DATE,798,802,131
1996,DATE,860,864,131
Belarusian Cup,EVENT,865,879,131
"Belshina Bobruisk
",PERSON,897,915,131
2001,DATE,951,955,131
Belarusian Cup,EVENT,956,970,131
200,CARDINAL,997,1000,131
Sudanese,NORP,21,29,132
Chinese,NORP,60,67,132
37ton,CARDINAL,160,165,132
350 km,QUANTITY,188,194,132
19.7,CARDINAL,217,221,132
87kPa,CARDINAL,246,251,132
730,CARDINAL,271,274,132
Cooling	Water,WORK_OF_ART,278,291,132
105 mm,TIME,403,409,132
45,CARDINAL,445,447,132
500,CARDINAL,453,456,132
20,CARDINAL,483,485,132
9.973,CARDINAL,528,533,132
Width,PERSON,536,541,132
3.390,CARDINAL,542,547,132
2.400,CARDINAL,557,562,132
LRF,ORG,616,619,132
Explosive Reactive,ORG,795,813,132
Fire Extinguishing & Explosion Suppression,ORG,830,872,132
Bump St,PERSON,993,1000,132
Peel Castle,PERSON,25,36,133
the Isle of Man Steam Packet Company,LOC,53,89,133
1912,DATE,111,115,133
1939,DATE,151,155,133
Peel Castle,PERSON,186,197,133
Duke of York,GPE,211,223,133
William Denny,PERSON,240,253,133
Brothers,GPE,258,266,133
310 feet,QUANTITY,352,360,133
37 feet,QUANTITY,367,374,133
16 feet,QUANTITY,384,391,133
17,CARDINAL,414,416,133
Peel Castle,PERSON,425,436,133
"1,162",CARDINAL,459,464,133
42,CARDINAL,491,493,133
1894,DATE,551,555,133
Fleetwood - Belfast,LOC,569,588,133
the Lancashire & Yorkshire Railway,ORG,600,634,133
the London & North Western Railway,ORG,639,673,133
1911,DATE,678,682,133
"the ""Turkish Patriotic Committee",LAW,700,732,133
1912,DATE,738,742,133
the Isle of Man Steam Packet Company,LOC,743,779,133
Peel Castle,PERSON,810,821,133
Duke of Lancaster,ORG,850,867,133
Admiralty,PRODUCT,931,940,133
1914,DATE,967,971,133
Karwin,PERSON,0,6,134
Gmina Koniusza,PERSON,55,69,134
Proszowice County,GPE,78,95,134
Lesser Poland Voivodeship,ORG,97,122,134
Poland,GPE,136,142,134
Koniusza,GPE,181,189,134
Proszowice,ORG,206,216,134
Kraków,PERSON,258,264,134
Neuchâtel,GPE,53,62,135
Switzerland,GPE,64,75,135
2005,DATE,79,83,135
European,NORP,112,120,135
Finntroll,ORG,155,164,135
Wind Rose,PERSON,167,176,135
Slechtvalk,GPE,181,191,135
Battle of Morgarten,WORK_OF_ART,247,266,135
15 November,DATE,288,299,135
Zurich,GPE,309,315,135
Swiss,NORP,330,335,135
Austria,GPE,383,390,135
Habsburg,GPE,400,408,135
Swiss,NORP,458,463,135
first,ORDINAL,512,517,135
Risen to Fight,WORK_OF_ART,540,554,135
2015,DATE,560,564,135
second,ORDINAL,572,578,135
Cry of the Lost,WORK_OF_ART,587,602,135
2021,DATE,617,621,135
Inner Wound Recordings,WORK_OF_ART,642,664,135
Arnold von Winkelried,PERSON,705,726,135
Maël Porret,PERSON,753,764,135
Swiss,NORP,774,779,135
2020,DATE,822,826,135
"Guitar
 Ilann",ORG,865,878,135
Bass,PERSON,920,924,135
"Keyboard
 Joël Volet",PERSON,965,985,135
DISPLAYTITLE,ORG,2,14,136
Tauri,PERSON,22,27,136
Tauri,PERSON,38,43,136
Tauri,GPE,48,53,136
Tau,PERSON,74,77,136
Tau,PERSON,82,85,136
Taurus,GPE,135,141,136
annual,DATE,157,163,136
20.96,CARDINAL,182,187,136
Earth,LOC,205,210,136
roughly 156 light,QUANTITY,226,243,136
Sun,LOC,267,270,136
Hyades,PRODUCT,405,411,136
two,CARDINAL,426,429,136
Secunda Hyadum,PERSON,559,573,136
Ab,PERSON,624,626,136
Tauri,GPE,647,652,136
Tauri,PERSON,674,679,136
Bayer,ORG,697,702,136
two,CARDINAL,740,743,136
Tauri A,ORG,767,774,136
Tauri Aa,PERSON,819,827,136
the Washington Multiplicity Catalog,ORG,872,907,136
the International Astronomical Union,ORG,956,992,136
IAU,ORG,994,997,136
The 1975–76 season,DATE,0,18,137
their 2nd consecutive season,DATE,43,71,137
"the Football League Fourth Division

Statistics",ORG,75,122,137
"Final League Table

Competitions

Football League Fourth Division

F.A. Cup

League Cup

References

Rochdale A.F.C.",ORG,128,244,137
The 2016 Patriot League Baseball Tournament,ORG,0,43,138
May 14–15,DATE,105,114,138
May 22–23,DATE,130,139,138
2016,DATE,162,166,138
three,CARDINAL,245,250,138
sixth,ORDINAL,288,293,138
2016,DATE,348,352,138
four,CARDINAL,407,411,138
the regular season,DATE,427,445,138
one,CARDINAL,458,461,138
four,CARDINAL,470,474,138
fourth,ORDINAL,506,512,138
second,ORDINAL,522,528,138
third,ORDINAL,546,551,138
second,ORDINAL,611,617,138
"Patriot League Baseball Tournament
",ORG,672,707,138
one,CARDINAL,54,57,139
four,CARDINAL,65,69,139
Nova Gorica,PERSON,93,104,139
Gorizia,GPE,112,119,139
Slovenia,GPE,138,146,139
three,CARDINAL,158,163,139
Solkan,NORP,168,174,139
Kromberk,PERSON,194,202,139
Between the late 18th century and 1947,DATE,207,245,139
Gorizia,GPE,285,292,139
Italy,GPE,301,306,139
1947,DATE,342,346,139
Italy,GPE,384,389,139
Yugoslavia,GPE,433,443,139
Pristava (Rafut,WORK_OF_ART,453,468,139
Italy,GPE,482,487,139
Slovenia,GPE,525,533,139
Slovenia,GPE,614,622,139
2007,DATE,657,661,139
Pristava,GPE,697,705,139
The Kostanjevica Monastery,PERSON,708,734,139
Charles X,PERSON,745,754,139
France,GPE,758,764,139
"Pristava on Geopedia

Populated",WORK_OF_ART,847,878,139
the City Municipality,GPE,889,910,139
Nova Gorica,GPE,914,925,139
Nova Gorica,PERSON,926,937,139
The Central Leading Group for Inspection Work,ORG,0,45,140
the Central Committee,ORG,85,106,140
the Chinese Communist Party,ORG,110,137,140
the early 1990s,DATE,235,250,140
the Organization Department,ORG,283,310,140
the Central Commission for Discipline Inspection,ORG,315,363,140
November 2009,DATE,464,477,140
the Central Committee,ORG,481,502,140
the Chinese Communist Party,ORG,506,533,140
2013,DATE,578,582,140
Wang Qishan,PERSON,607,618,140
18th,ORDINAL,691,695,140
Party Congress,ORG,696,710,140
The Leading Group,ORG,712,729,140
General Office,ORG,738,752,140
Wang Qishan,PERSON,915,926,140
Burakcan Kunt,PERSON,0,13,141
15 May 1992,DATE,20,31,141
Turkish,NORP,38,45,141
1928,DATE,87,91,141
Bucaspor,PERSON,92,100,141
Kunt,ORG,102,106,141
24 April 2010,DATE,130,143,141
2,CARDINAL,149,150,141
Bundesliga,CARDINAL,152,162,141
SC Paderborn 07,ORG,177,192,141
Burakcan Kunt,PERSON,228,241,141
1992,DATE,257,261,141
Cologne,GPE,300,307,141
Turkish,NORP,308,315,141
Turkey,GPE,328,334,141
MSV Duisburg,PRODUCT,400,412,141
2,CARDINAL,421,422,141
Bucaspor,PERSON,469,477,141
Nelson Wallulatum,PERSON,0,17,142
"February 27, 1926 – June 13, 2010",DATE,19,52,142
Native American,NORP,60,75,142
Wasco,PERSON,100,105,142
Warm Springs,GPE,115,127,142
Oregon,GPE,129,135,142
the US Navy,ORG,160,171,142
1943 to 1945,DATE,177,189,142
Wasco,PERSON,202,207,142
Warm Springs,GPE,230,242,142
1959,DATE,263,267,142
2010,DATE,290,294,142
2010,DATE,321,325,142
Native American,NORP,333,348,142
United States Navy,ORG,357,375,142
United States Navy,ORG,384,402,142
World War II,EVENT,416,428,142
Wasco County,GPE,441,453,142
Oregon,GPE,455,461,142
Ngau Hom,PERSON,0,8,143
Lau Fau Shan,FAC,28,40,143
Yuen Long District,PERSON,42,60,143
New Territories,GPE,62,77,143
Hong Kong,GPE,79,88,143
Ngau Hom Tsuen,ORG,147,161,143
Ping Shan,PERSON,163,172,143
2019 to 2022,DATE,215,227,143
Hong Kong,GPE,242,251,143
Yuen Long District,PERSON,252,270,143
Kiribati,GPE,36,44,144
17 October 2007,DATE,48,63,144
2007,DATE,79,83,144
Anote Tong,PERSON,118,128,144
first,ORDINAL,170,175,144
first,ORDINAL,254,259,144
four,CARDINAL,283,287,144
Anote Tong,PERSON,336,346,144
Patrick Tatireta,PERSON,348,364,144
Timon Aneri,PERSON,366,377,144
Nabuti Mwemwenikarawa,PERSON,383,404,144
Harry Tong,PERSON,426,436,144
Anote Tong's,PERSON,438,450,144
Tetaua Taitai,PERSON,464,477,144
just above 50%,PERCENT,606,620,144
Tong,PERSON,622,626,144
"more than 15,500",CARDINAL,636,652,144
Mwemwenikarawa,ORG,660,674,144
"8,000",CARDINAL,689,694,144
Tatireta,PERSON,706,714,144
Anera,PERSON,719,724,144
less than 400,CARDINAL,734,747,144
Kiribati,GPE,808,816,144
Kiribati,GPE,817,825,144
Peter Blanchfield,PERSON,0,17,145
18 October 1910,DATE,19,34,145
November 1959,DATE,40,53,145
Irish,NORP,62,67,145
James Stephens,PERSON,121,135,145
Kilkenny,PERSON,160,168,145
1935,DATE,199,203,145
1945,DATE,210,214,145
James Stephens,PERSON,291,305,145
Kilkenny,PERSON,314,322,145
first,ORDINAL,361,366,145
1935,DATE,390,394,145
first,ORDINAL,415,420,145
Blanchfield,PERSON,454,465,145
second,ORDINAL,474,480,145
1937,DATE,515,519,145
first,ORDINAL,548,553,145
Kilkenny,PERSON,604,612,145
1935,DATE,616,620,145
That year,DATE,623,632,145
Laois,GPE,696,701,145
-Ireland,GPE,721,729,145
Blanchfield,PERSON,740,751,145
Limerick,PERSON,762,770,145
second,ORDINAL,779,785,145
three years,DATE,794,805,145
Kilkenny,PERSON,854,862,145
2-5,CARDINAL,900,903,145
2,CARDINAL,907,908,145
Blanchfield,PERSON,919,930,145
first,ORDINAL,933,938,145
-Ireland,GPE,942,950,145
1936,DATE,964,968,145
Blanchfield,PERSON,969,980,145
second,ORDINAL,989,995,145
Lein,PERSON,996,1000,145
Holy Trinity Church,ORG,0,19,146
"Seathwaite, Cumbria,",ORG,41,61,146
England,GPE,62,69,146
Anglican,NORP,87,95,146
Furness,PERSON,128,135,146
Westmorland and Furness,ORG,157,180,146
Carlisle,ORG,201,209,146
four,CARDINAL,248,252,146
the National Heritage List for England,ORG,301,339,146
1874,DATE,416,420,146
Lancaster,ORG,440,449,146
Paley,PERSON,465,470,146
Austin,PERSON,475,481,146
67 years,DATE,544,552,146
Robert Walker,PERSON,588,601,146
William Wordsworth,PERSON,635,653,146
Wonderful Walker,WORK_OF_ART,678,694,146
Duddon Sonnets,ORG,730,744,146
H. W. Schneider,PERSON,820,835,146
one,CARDINAL,978,981,146
Roger Cousins,PERSON,0,13,147
OBE,ORG,15,18,147
Anguilla,GPE,49,57,147
"January 27, 2000",DATE,63,79,147
"February 4, 2000",DATE,83,99,147
Robert Harris,PERSON,124,137,147
Peter Johnstone,PERSON,142,157,147
Treasury Overseas Allowances Inspector,ORG,195,233,147
Turks,NORP,273,278,147
Caicos Islands,LOC,283,297,147
Anguilla,GPE,321,329,147
Year,DATE,380,384,147
Lomonosovsky Prospekt,PERSON,0,21,148
the Kalininsko-Solntsevskaya Line,ORG,41,74,148
Moscow,GPE,82,88,148
16 March 2017,DATE,109,122,148
Park Pobedy,PERSON,163,174,148
Ramenki,PERSON,179,186,148
Ramenki,GPE,241,248,148
2013,DATE,261,265,148
Moscow,GPE,280,286,148
Kalininsko,PERSON,302,312,148
Railway,ORG,332,339,148
Russia,GPE,352,358,148
2017,DATE,369,373,148
Russia,GPE,414,420,148
Gnaw: Food of the Gods II,ORG,46,71,149
2,CARDINAL,105,106,149
1989,DATE,113,117,149
1976,DATE,158,162,149
Bert I. Gordon,PERSON,163,177,149
The Food of the Gods,WORK_OF_ART,183,203,149
1904,DATE,218,222,149
H.G. Wells,PERSON,223,233,149
1976,DATE,324,328,149
Neil Hamilton,PERSON,580,593,149
Paul Coufos,PERSON,595,606,149
Kate Travis,PERSON,644,655,149
Jackie Burroughs,PERSON,657,673,149
Bobby,PERSON,699,704,149
Travis,PERSON,751,757,149
Bobby,PERSON,779,784,149
Neil,PERSON,892,896,149
